state,district,block,panchayat,village,date,demand
Tamil Nadu,Salem,Yercaud,Kumarapuram GP,Kumarapuram,2024-01-01,124.0
Tamil Nadu,Salem,Yercaud,Kumarapuram GP,Kumarapuram,2024-01-08,123.0
Tamil Nadu,Salem,Yercaud,Kumarapuram GP,Kumarapuram,2024-01-15,132.0
Tamil Nadu,Salem,Yercaud,Kumarapuram GP,Kumarapuram,2024-01-22,142.0
Tamil Nadu,Salem,Yercaud,Kumarapuram GP,Kumarapuram,2024-01-29,132.0
Tamil Nadu,Salem,Yercaud,Kumarapuram GP,Kumarapuram,2024-02-05,135.0
Tamil Nadu,Salem,Yercaud,Kumarapuram GP,Kumarapuram,2024-02-12,151.0
Tamil Nadu,Salem,Yercaud,Kumarapuram GP,Kumarapuram,2024-02-19,148.0
Tamil Nadu,Salem,Yercaud,Kumarapuram GP,Kumarapuram,2024-02-26,141.0
Tamil Nadu,Salem,Yercaud,Kumarapuram GP,Kumarapuram,2024-03-04,150.0
Tamil Nadu,Salem,Yercaud,Kumarapuram GP,Kumarapuram,2024-03-11,145.0
Tamil Nadu,Salem,Yercaud,Kumarapuram GP,Kumarapuram,2024-03-18,146.0
Tamil Nadu,Salem,Yercaud,Kumarapuram GP,Kumarapuram,2024-03-25,152.0
Tamil Nadu,Salem,Yercaud,Kumarapuram GP,Kumarapuram,2024-04-01,136.0
Tamil Nadu,Salem,Yercaud,Kumarapuram GP,Kumarapuram,2024-04-08,137.0
Tamil Nadu,Salem,Yercaud,Kumarapuram GP,Kumarapuram,2024-04-15,145.0
Tamil Nadu,Salem,Yercaud,Kumarapuram GP,Kumarapuram,2024-04-22,141.0
Tamil Nadu,Salem,Yercaud,Kumarapuram GP,Kumarapuram,2024-04-29,149.0
Tamil Nadu,Salem,Yercaud,Kumarapuram GP,Kumarapuram,2024-05-06,138.0
Tamil Nadu,Salem,Yercaud,Kumarapuram GP,Kumarapuram,2024-05-13,132.0
Tamil Nadu,Salem,Yercaud,Kumarapuram GP,Kumarapuram,2024-05-20,150.0
Tamil Nadu,Salem,Yercaud,Kumarapuram GP,Kumarapuram,2024-05-27,135.0
Tamil Nadu,Salem,Yercaud,Kumarapuram GP,Kumarapuram,2024-06-03,134.0
Tamil Nadu,Salem,Yercaud,Kumarapuram GP,Kumarapuram,2024-06-10,120.0
Tamil Nadu,Salem,Yercaud,Kumarapuram GP,Kumarapuram,2024-06-17,123.0
Tamil Nadu,Salem,Yercaud,Kumarapuram GP,Kumarapuram,2024-06-24,124.0
Tamil Nadu,Salem,Yercaud,Kumarapuram GP,Kumarapuram,2024-07-01,112.0
Tamil Nadu,Salem,Yercaud,Kumarapuram GP,Kumarapuram,2024-07-08,119.0
Tamil Nadu,Salem,Yercaud,Kumarapuram GP,Kumarapuram,2024-07-15,108.0
Tamil Nadu,Salem,Yercaud,Kumarapuram GP,Kumarapuram,2024-07-22,107.0
Tamil Nadu,Salem,Yercaud,Kumarapuram GP,Kumarapuram,2024-07-29,102.0
Tamil Nadu,Salem,Yercaud,Kumarapuram GP,Kumarapuram,2024-08-05,116.0
Tamil Nadu,Salem,Yercaud,Kumarapuram GP,Kumarapuram,2024-08-12,100.0
Tamil Nadu,Salem,Yercaud,Kumarapuram GP,Kumarapuram,2024-08-19,90.0
Tamil Nadu,Salem,Yercaud,Kumarapuram GP,Kumarapuram,2024-08-26,101.0
Tamil Nadu,Salem,Yercaud,Kumarapuram GP,Kumarapuram,2024-09-02,85.0
Tamil Nadu,Salem,Yercaud,Kumarapuram GP,Kumarapuram,2024-09-09,
Tamil Nadu,Salem,Yercaud,Kumarapuram GP,Kumarapuram,2024-09-16,77.0
Tamil Nadu,Salem,Yercaud,Kumarapuram GP,Kumarapuram,2024-09-23,81.0
Tamil Nadu,Salem,Yercaud,Kumarapuram GP,Kumarapuram,2024-09-30,91.0
Tamil Nadu,Salem,Yercaud,Kumarapuram GP,Kumarapuram,2024-10-07,96.0
Tamil Nadu,Salem,Yercaud,Kumarapuram GP,Kumarapuram,2024-10-14,92.0
Tamil Nadu,Salem,Yercaud,Kumarapuram GP,Kumarapuram,2024-10-21,91.0
Tamil Nadu,Salem,Yercaud,Kumarapuram GP,Kumarapuram,2024-10-28,91.0
Tamil Nadu,Salem,Yercaud,Kumarapuram GP,Kumarapuram,2024-11-04,85.0
Tamil Nadu,Salem,Yercaud,Kumarapuram GP,Kumarapuram,2024-11-11,92.0
Tamil Nadu,Salem,Yercaud,Kumarapuram GP,Kumarapuram,2024-11-18,97.0
Tamil Nadu,Salem,Yercaud,Kumarapuram GP,Kumarapuram,2024-11-25,111.0
Tamil Nadu,Salem,Yercaud,Kumarapuram GP,Kumarapuram,2024-12-02,109.0
Tamil Nadu,Salem,Yercaud,Kumarapuram GP,Kumarapuram,2024-12-09,97.0
Tamil Nadu,Salem,Yercaud,Kumarapuram GP,Kumarapuram,2024-12-16,115.0
Tamil Nadu,Salem,Yercaud,Kumarapuram GP,Kumarapuram,2024-12-23,
Tamil Nadu,Salem,Yercaud,Kumarapuram GP,Kumarapuram,2024-12-30,115.0
Tamil Nadu,Salem,Yercaud,Kumarapuram GP,Kumarapuram,2025-01-06,128.0
Tamil Nadu,Salem,Yercaud,Kumarapuram GP,Kumarapuram,2025-01-13,135.0
Tamil Nadu,Salem,Yercaud,Kumarapuram GP,Kumarapuram,2025-01-20,137.0
Tamil Nadu,Salem,Yercaud,Kumarapuram GP,Kumarapuram,2025-01-27,128.0
Tamil Nadu,Salem,Yercaud,Kumarapuram GP,Kumarapuram,2025-02-03,135.0
Tamil Nadu,Salem,Yercaud,Kumarapuram GP,Kumarapuram,2025-02-10,142.0
Tamil Nadu,Salem,Yercaud,Kumarapuram GP,Kumarapuram,2025-02-17,149.0
Tamil Nadu,Salem,Yercaud,Kumarapuram GP,Kumarapuram,2025-02-24,141.0
Tamil Nadu,Salem,Yercaud,Kumarapuram GP,Kumarapuram,2025-03-03,145.0
Tamil Nadu,Salem,Yercaud,Kumarapuram GP,Kumarapuram,2025-03-10,140.0
Tamil Nadu,Salem,Yercaud,Kumarapuram GP,Kumarapuram,2025-03-17,141.0
Tamil Nadu,Salem,Yercaud,Kumarapuram GP,Kumarapuram,2025-03-24,156.0
Tamil Nadu,Salem,Yercaud,Kumarapuram GP,Kumarapuram,2025-03-31,160.0
Tamil Nadu,Salem,Yercaud,Kumarapuram GP,Kumarapuram,2025-04-07,149.0
Tamil Nadu,Salem,Yercaud,Kumarapuram GP,Kumarapuram,2025-04-14,156.0
Tamil Nadu,Salem,Yercaud,Kumarapuram GP,Kumarapuram,2025-04-21,151.0
Tamil Nadu,Salem,Yercaud,Kumarapuram GP,Kumarapuram,2025-04-28,142.0
Tamil Nadu,Salem,Yercaud,Kumarapuram GP,Kumarapuram,2025-05-05,147.0
Tamil Nadu,Salem,Yercaud,Kumarapuram GP,Kumarapuram,2025-05-12,154.0
Tamil Nadu,Salem,Yercaud,Kumarapuram GP,Kumarapuram,2025-05-19,140.0
Tamil Nadu,Salem,Yercaud,Kumarapuram GP,Kumarapuram,2025-05-26,148.0
Tamil Nadu,Salem,Yercaud,Kumarapuram GP,Kumarapuram,2025-06-02,115.0
Tamil Nadu,Salem,Yercaud,Kumarapuram GP,Kumarapuram,2025-06-09,137.0
Tamil Nadu,Salem,Yercaud,Kumarapuram GP,Kumarapuram,2025-06-16,128.0
Tamil Nadu,Salem,Yercaud,Kumarapuram GP,Kumarapuram,2025-06-23,121.0
Tamil Nadu,Salem,Yercaud,Kumarapuram GP,Kumarapuram,2025-06-30,121.0
Tamil Nadu,Salem,Yercaud,Kumarapuram GP,Kumarapuram,2025-07-07,102.0
Tamil Nadu,Salem,Yercaud,Kumarapuram GP,Kumarapuram,2025-07-14,111.0
Tamil Nadu,Salem,Yercaud,Kumarapuram GP,Kumarapuram,2025-07-21,112.0
Tamil Nadu,Salem,Yercaud,Kumarapuram GP,Kumarapuram,2025-07-28,117.0
Tamil Nadu,Salem,Yercaud,Kumarapuram GP,Kumarapuram,2025-08-04,99.0
Tamil Nadu,Salem,Yercaud,Kumarapuram GP,Kumarapuram,2025-08-11,94.0
Tamil Nadu,Salem,Yercaud,Kumarapuram GP,Kumarapuram,2025-08-18,94.0
Tamil Nadu,Salem,Yercaud,Kumarapuram GP,Kumarapuram,2025-08-25,102.0
Tamil Nadu,Salem,Yercaud,Kumarapuram GP,Kumarapuram,2025-09-01,96.0
Tamil Nadu,Salem,Yercaud,Kumarapuram GP,Kumarapuram,2025-09-08,88.0
Tamil Nadu,Salem,Yercaud,Kumarapuram GP,Kumarapuram,2025-09-15,95.0
Tamil Nadu,Salem,Yercaud,Kumarapuram GP,Kumarapuram,2025-09-22,
Tamil Nadu,Salem,Yercaud,Kumarapuram GP,Kumarapuram,2025-09-29,97.0
Tamil Nadu,Salem,Yercaud,Kumarapuram GP,Kumarapuram,2025-10-06,85.0
Tamil Nadu,Salem,Yercaud,Kumarapuram GP,Kumarapuram,2025-10-13,89.0
Tamil Nadu,Salem,Yercaud,Kumarapuram GP,Kumarapuram,2025-10-20,89.0
Tamil Nadu,Salem,Yercaud,Kumarapuram GP,Kumarapuram,2025-10-27,
Tamil Nadu,Salem,Yercaud,Kumarapuram GP,Kumarapuram,03/11/25,97.0
Tamil Nadu,Salem,Yercaud,Kumarapuram GP,Kumarapuram,2025-11-10,99.0
Tamil Nadu,Salem,Yercaud,Kumarapuram GP,Kumarapuram,2025-11-17,100.0
Tamil Nadu,Salem,Yercaud,Kumarapuram GP,Kumarapuram,2025-11-24,101.0
Tamil Nadu,Salem,Yercaud,Kumarapuram GP,Kumarapuram,2025-12-01,96.0
Tamil Nadu,Salem,Yercaud,Kumarapuram GP,Kumarapuram,2025-12-08,106.0
Tamil Nadu,Salem,Yercaud,Kumarapuram GP,Kumarapuram,2025-12-15,110.0
Tamil Nadu,Salem,Yercaud,Kumarapuram GP,Kumarapuram,2025-12-22,111.0
Tamil Nadu,Salem,Yercaud,Nallur GP,Nallur,2024-01-01,89.0
Tamil Nadu,Salem,Yercaud,Nallur GP,Nallur,2024-01-08,95.0
Tamil Nadu,Salem,Yercaud,Nallur GP,Nallur,2024-01-15,106.0
Tamil Nadu,Salem,Yercaud,Nallur GP,Nallur,2024-01-22,99.0
Tamil Nadu,Salem,Yercaud,Nallur GP,Nallur,2024-01-29,102.0
Tamil Nadu,Salem,Yercaud,Nallur GP,Nallur,05/02/24,102.0
Tamil Nadu,Salem,Yercaud,Nallur GP,Nallur,2024-02-12,95.0
Tamil Nadu,Salem,Yercaud,Nallur GP,Nallur,2024-02-19,107.0
Tamil Nadu,Salem,Yercaud,Nallur GP,Nallur,2024-02-26,109.0
Tamil Nadu,Salem,Yercaud,Nallur GP,Nallur,2024-03-04,123.0
Tamil Nadu,Salem,Yercaud,Nallur GP,Nallur,2024-03-11,110.0
Tamil Nadu,Salem,Yercaud,Nallur GP,Nallur,2024-03-18,113.0
Tamil Nadu,Salem,Yercaud,Nallur GP,Nallur,2024-03-25,112.0
Tamil Nadu,Salem,Yercaud,Nallur GP,Nallur,2024-04-01,106.0
Tamil Nadu,Salem,Yercaud,Nallur GP,Nallur,2024-04-08,119.0
Tamil Nadu,Salem,Yercaud,Nallur GP,Nallur,2024-04-15,116.0
Tamil Nadu,Salem,Yercaud,Nallur GP,Nallur,2024-04-22,115.0
Tamil Nadu,Salem,Yercaud,Nallur GP,Nallur,2024-04-29,105.0
Tamil Nadu,Salem,Yercaud,Nallur GP,Nallur,2024-05-06,116.0
Tamil Nadu,Salem,Yercaud,Nallur GP,Nallur,2024-05-13,99.0
Tamil Nadu,Salem,Yercaud,Nallur GP,Nallur,2024-05-20,108.0
Tamil Nadu,Salem,Yercaud,Nallur GP,Nallur,2024-05-27,115.0
Tamil Nadu,Salem,Yercaud,Nallur GP,Nallur,2024-06-03,95.0
Tamil Nadu,Salem,Yercaud,Nallur GP,Nallur,2024-06-10,95.0
Tamil Nadu,Salem,Yercaud,Nallur GP,Nallur,2024-06-17,96.0
Tamil Nadu,Salem,Yercaud,Nallur GP,Nallur,2024-06-24,90.0
Tamil Nadu,Salem,Yercaud,Nallur GP,Nallur,2024-07-01,82.0
Tamil Nadu,Salem,Yercaud,Nallur GP,Nallur,2024-07-08,88.0
Tamil Nadu,Salem,Yercaud,Nallur GP,Nallur,2024-07-15,79.0
Tamil Nadu,Salem,Yercaud,Nallur GP,Nallur,2024-07-22,85.0
Tamil Nadu,Salem,Yercaud,Nallur GP,Nallur,2024-07-29,75.0
Tamil Nadu,Salem,Yercaud,Nallur GP,Nallur,2024-08-05,86.0
Tamil Nadu,Salem,Yercaud,Nallur GP,Nallur,2024-08-12,71.0
Tamil Nadu,Salem,Yercaud,Nallur GP,Nallur,2024-08-19,71.0
Tamil Nadu,Salem,Yercaud,Nallur GP,Nallur,2024-08-26,76.0
Tamil Nadu,Salem,Yercaud,Nallur GP,Nallur,2024-09-02,63.0
Tamil Nadu,Salem,Yercaud,Nallur GP,Nallur,2024-09-09,70.0
Tamil Nadu,Salem,Yercaud,Nallur GP,Nallur,2024-09-16,75.0
Tamil Nadu,Salem,Yercaud,Nallur GP,Nallur,2024-09-23,59.0
Tamil Nadu,Salem,Yercaud,Nallur GP,Nallur,2024-09-30,68.0
Tamil Nadu,Salem,Yercaud,Nallur GP,Nallur,2024-10-07,
Tamil Nadu,Salem,Yercaud,Nallur GP,Nallur,2024-10-14,72.0
Tamil Nadu,Salem,Yercaud,Nallur GP,Nallur,2024-10-21,62.0
Tamil Nadu,Salem,Yercaud,Nallur GP,Nallur,2024-10-28,63.0
Tamil Nadu,Salem,Yercaud,Nallur GP,Nallur,2024-11-04,74.0
Tamil Nadu,Salem,Yercaud,Nallur GP,Nallur,2024-11-11,75.0
Tamil Nadu,Salem,Yercaud,Nallur GP,Nallur,2024-11-18,76.0
Tamil Nadu,Salem,Yercaud,Nallur GP,Nallur,2024-11-25,79.0
Tamil Nadu,Salem,Yercaud,Nallur GP,Nallur,2024-12-02,76.0
Tamil Nadu,Salem,Yercaud,Nallur GP,Nallur,2024-12-09,83.0
Tamil Nadu,Salem,Yercaud,Nallur GP,Nallur,2024-12-16,86.0
Tamil Nadu,Salem,Yercaud,Nallur GP,Nallur,2024-12-23,83.0
Tamil Nadu,Salem,Yercaud,Nallur GP,Nallur,2024-12-30,100.0
Tamil Nadu,Salem,Yercaud,Nallur GP,Nallur,2025-01-06,95.0
Tamil Nadu,Salem,Yercaud,Nallur GP,Nallur,2025-01-13,89.0
Tamil Nadu,Salem,Yercaud,Nallur GP,Nallur,2025-01-20,102.0
Tamil Nadu,Salem,Yercaud,Nallur GP,Nallur,2025-01-27,95.0
Tamil Nadu,Salem,Yercaud,Nallur GP,Nallur,2025-02-03,107.0
Tamil Nadu,Salem,Yercaud,Nallur GP,Nallur,2025-02-10,111.0
Tamil Nadu,Salem,Yercaud,Nallur GP,Nallur,2025-02-17,102.0
Tamil Nadu,Salem,Yercaud,Nallur GP,Nallur,2025-02-24,114.0
Tamil Nadu,Salem,Yercaud,Nallur GP,Nallur,2025-03-03,112.0
Tamil Nadu,Salem,Yercaud,Nallur GP,Nallur,2025-03-10,115.0
Tamil Nadu,Salem,Yercaud,Nallur GP,Nallur,2025-03-17,122.0
Tamil Nadu,Salem,Yercaud,Nallur GP,Nallur,2025-03-24,111.0
Tamil Nadu,Salem,Yercaud,Nallur GP,Nallur,2025-03-31,108.0
Tamil Nadu,Salem,Yercaud,Nallur GP,Nallur,2025-04-07,108.0
Tamil Nadu,Salem,Yercaud,Nallur GP,Nallur,2025-04-14,107.0
Tamil Nadu,Salem,Yercaud,Nallur GP,Nallur,2025-04-21,111.0
Tamil Nadu,Salem,Yercaud,Nallur GP,Nallur,2025-04-28,112.0
Tamil Nadu,Salem,Yercaud,Nallur GP,Nallur,2025-05-05,110.0
Tamil Nadu,Salem,Yercaud,Nallur GP,Nallur,2025-05-12,111.0
Tamil Nadu,Salem,Yercaud,Nallur GP,Nallur,2025-05-19,105.0
Tamil Nadu,Salem,Yercaud,Nallur GP,Nallur,2025-05-26,111.0
Tamil Nadu,Salem,Yercaud,Nallur GP,Nallur,2025-06-02,99.0
Tamil Nadu,Salem,Yercaud,Nallur GP,Nallur,2025-06-09,113.0
Tamil Nadu,Salem,Yercaud,Nallur GP,Nallur,2025-06-16,99.0
Tamil Nadu,Salem,Yercaud,Nallur GP,Nallur,2025-06-23,88.0
Tamil Nadu,Salem,Yercaud,Nallur GP,Nallur,2025-06-30,84.0
Tamil Nadu,Salem,Yercaud,Nallur GP,Nallur,2025-07-07,90.0
Tamil Nadu,Salem,Yercaud,Nallur GP,Nallur,2025-07-14,83.0
Tamil Nadu,Salem,Yercaud,Nallur GP,Nallur,2025-07-21,86.0
Tamil Nadu,Salem,Yercaud,Nallur GP,Nallur,2025-07-28,82.0
Tamil Nadu,Salem,Yercaud,Nallur GP,Nallur,2025-08-04,77.0
Tamil Nadu,Salem,Yercaud,Nallur GP,Nallur,2025-08-11,71.0
Tamil Nadu,Salem,Yercaud,Nallur GP,Nallur,2025-08-18,65.0
Tamil Nadu,Salem,Yercaud,Nallur GP,Nallur,2025-08-25,69.0
Tamil Nadu,Salem,Yercaud,Nallur GP,Nallur,2025-09-01,75.0
Tamil Nadu,Salem,Yercaud,Nallur GP,Nallur,2025-09-08,70.0
Tamil Nadu,Salem,Yercaud,Nallur GP,Nallur,2025-09-15,61.0
Tamil Nadu,Salem,Yercaud,Nallur GP,Nallur,2025-09-22,69.0
Tamil Nadu,Salem,Yercaud,Nallur GP,Nallur,2025-09-29,70.0
Tamil Nadu,Salem,Yercaud,Nallur GP,Nallur,2025-10-06,63.0
Tamil Nadu,Salem,Yercaud,Nallur GP,Nallur,2025-10-13,69.0
Tamil Nadu,Salem,Yercaud,Nallur GP,Nallur,2025-10-20,69.0
Tamil Nadu,Salem,Yercaud,Nallur GP,Nallur,2025-10-27,64.0
Tamil Nadu,Salem,Yercaud,Nallur GP,Nallur,2025-11-03,73.0
Tamil Nadu,Salem,Yercaud,Nallur GP,Nallur,2025-11-10,76.0
Tamil Nadu,Salem,Yercaud,Nallur GP,Nallur,2025-11-17,81.0
Tamil Nadu,Salem,Yercaud,Nallur GP,Nallur,2025-11-24,83.0
Tamil Nadu,Salem,Yercaud,Nallur GP,Nallur,2025-12-01,72.0
Tamil Nadu,Salem,Yercaud,Nallur GP,Nallur,2025-12-08,77.0
Tamil Nadu,Salem,Yercaud,Nallur GP,Nallur,2025-12-15,87.0
Tamil Nadu,Salem,Yercaud,Nallur GP,Nallur,2025-12-22,90.0
Tamil Nadu,Salem,Attur,Servarayan GP,Servarayan,2024-01-01,103.0
Tamil Nadu,Salem,Attur,Servarayan GP,Servarayan,2024-01-08,127.0
Tamil Nadu,Salem,Attur,Servarayan GP,Servarayan,2024-01-15,111.0
Tamil Nadu,Salem,Attur,Servarayan GP,Servarayan,2024-01-22,118.0
Tamil Nadu,Salem,Attur,Servarayan GP,Servarayan,2024-01-29,120.0
Tamil Nadu,Salem,Attur,Servarayan GP,Servarayan,2024-02-05,122.0
Tamil Nadu,Salem,Attur,Servarayan GP,Servarayan,2024-02-12,119.0
Tamil Nadu,Salem,Attur,Servarayan GP,Servarayan,2024-02-19,128.0
Tamil Nadu,Salem,Attur,Servarayan GP,Servarayan,2024-02-26,122.0
Tamil Nadu,Salem,Attur,Servarayan GP,Servarayan,2024-03-04,127.0
Tamil Nadu,Salem,Attur,Servarayan GP,Servarayan,2024-03-11,128.0
Tamil Nadu,Salem,Attur,Servarayan GP,Servarayan,2024-03-18,133.0
Tamil Nadu,Salem,Attur,Servarayan GP,Servarayan,2024-03-25,148.0
Tamil Nadu,Salem,Attur,Servarayan GP,Servarayan,2024-04-01,124.0
Tamil Nadu,Salem,Attur,Servarayan GP,Servarayan,2024-04-08,139.0
Tamil Nadu,Salem,Attur,Servarayan GP,Servarayan,2024-04-15,126.0
Tamil Nadu,Salem,Attur,Servarayan GP,Servarayan,2024-04-22,132.0
Tamil Nadu,Salem,Attur,Servarayan GP,Servarayan,2024-04-29,141.0
Tamil Nadu,Salem,Attur,Servarayan GP,Servarayan,2024-05-06,134.0
Tamil Nadu,Salem,Attur,Servarayan GP,Servarayan,2024-05-13,126.0
Tamil Nadu,Salem,Attur,Servarayan GP,Servarayan,2024-05-20,126.0
Tamil Nadu,Salem,Attur,Servarayan GP,Servarayan,2024-05-27,133.0
Tamil Nadu,Salem,Attur,Servarayan GP,Servarayan,2024-06-03,122.0
Tamil Nadu,Salem,Attur,Servarayan GP,Servarayan,2024-06-10,125.0
Tamil Nadu,Salem,Attur,Servarayan GP,Servarayan,2024-06-17,122.0
Tamil Nadu,Salem,Attur,Servarayan GP,Servarayan,2024-06-24,115.0
Tamil Nadu,Salem,Attur,Servarayan GP,Servarayan,2024-07-01,128.0
Tamil Nadu,Salem,Attur,Servarayan GP,Servarayan,2024-07-08,117.0
Tamil Nadu,Salem,Attur,Servarayan GP,Servarayan,2024-07-15,98.0
Tamil Nadu,Salem,Attur,Servarayan GP,Servarayan,2024-07-22,108.0
Tamil Nadu,Salem,Attur,Servarayan GP,Servarayan,2024-07-29,100.0
Tamil Nadu,Salem,Attur,Servarayan GP,Servarayan,2024-08-05,107.0
Tamil Nadu,Salem,Attur,Servarayan GP,Servarayan,2024-08-12,95.0
Tamil Nadu,Salem,Attur,Servarayan GP,Servarayan,19/08/24,97.0
Tamil Nadu,Salem,Attur,Servarayan GP,Servarayan,2024-08-26,99.0
Tamil Nadu,Salem,Attur,Servarayan GP,Servarayan,2024-09-02,99.0
Tamil Nadu,Salem,Attur,Servarayan GP,Servarayan,2024-09-09,86.0
Tamil Nadu,Salem,Attur,Servarayan GP,Servarayan,2024-09-16,91.0
Tamil Nadu,Salem,Attur,Servarayan GP,Servarayan,2024-09-23,89.0
Tamil Nadu,Salem,Attur,Servarayan GP,Servarayan,2024-09-30,89.0
Tamil Nadu,Salem,Attur,Servarayan GP,Servarayan,2024-10-07,104.0
Tamil Nadu,Salem,Attur,Servarayan GP,Servarayan,2024-10-14,97.0
Tamil Nadu,Salem,Attur,Servarayan GP,Servarayan,2024-10-21,88.0
Tamil Nadu,Salem,Attur,Servarayan GP,Servarayan,2024-10-28,103.0
Tamil Nadu,Salem,Attur,Servarayan GP,Servarayan,04/11/24,113.0
Tamil Nadu,Salem,Attur,Servarayan GP,Servarayan,2024-11-11,109.0
Tamil Nadu,Salem,Attur,Servarayan GP,Servarayan,2024-11-18,97.0
Tamil Nadu,Salem,Attur,Servarayan GP,Servarayan,2024-11-25,107.0
Tamil Nadu,Salem,Attur,Servarayan GP,Servarayan,2024-12-02,121.0
Tamil Nadu,Salem,Attur,Servarayan GP,Servarayan,2024-12-09,114.0
Tamil Nadu,Salem,Attur,Servarayan GP,Servarayan,2024-12-16,125.0
Tamil Nadu,Salem,Attur,Servarayan GP,Servarayan,2024-12-23,131.0
Tamil Nadu,Salem,Attur,Servarayan GP,Servarayan,2024-12-30,126.0
Tamil Nadu,Salem,Attur,Servarayan GP,Servarayan,2025-01-06,135.0
Tamil Nadu,Salem,Attur,Servarayan GP,Servarayan,2025-01-13,121.0
Tamil Nadu,Salem,Attur,Servarayan GP,Servarayan,2025-01-20,139.0
Tamil Nadu,Salem,Attur,Servarayan GP,Servarayan,2025-01-27,148.0
Tamil Nadu,Salem,Attur,Servarayan GP,Servarayan,2025-02-03,146.0
Tamil Nadu,Salem,Attur,Servarayan GP,Servarayan,2025-02-10,
Tamil Nadu,Salem,Attur,Servarayan GP,Servarayan,2025-02-17,152.0
Tamil Nadu,Salem,Attur,Servarayan GP,Servarayan,2025-02-24,161.0
Tamil Nadu,Salem,Attur,Servarayan GP,Servarayan,2025-03-03,168.0
Tamil Nadu,Salem,Attur,Servarayan GP,Servarayan,2025-03-10,178.0
Tamil Nadu,Salem,Attur,Servarayan GP,Servarayan,2025-03-17,163.0
Tamil Nadu,Salem,Attur,Servarayan GP,Servarayan,2025-03-24,180.0
Tamil Nadu,Salem,Attur,Servarayan GP,Servarayan,2025-03-31,174.0
Tamil Nadu,Salem,Attur,Servarayan GP,Servarayan,2025-04-07,168.0
Tamil Nadu,Salem,Attur,Servarayan GP,Servarayan,2025-04-14,177.0
Tamil Nadu,Salem,Attur,Servarayan GP,Servarayan,2025-04-21,175.0
Tamil Nadu,Salem,Attur,Servarayan GP,Servarayan,2025-04-28,169.0
Tamil Nadu,Salem,Attur,Servarayan GP,Servarayan,2025-05-05,172.0
Tamil Nadu,Salem,Attur,Servarayan GP,Servarayan,2025-05-12,167.0
Tamil Nadu,Salem,Attur,Servarayan GP,Servarayan,2025-05-19,168.0
Tamil Nadu,Salem,Attur,Servarayan GP,Servarayan,2025-05-26,168.0
Tamil Nadu,Salem,Attur,Servarayan GP,Servarayan,2025-06-02,171.0
Tamil Nadu,Salem,Attur,Servarayan GP,Servarayan,2025-06-09,150.0
Tamil Nadu,Salem,Attur,Servarayan GP,Servarayan,2025-06-16,167.0
Tamil Nadu,Salem,Attur,Servarayan GP,Servarayan,2025-06-23,139.0
Tamil Nadu,Salem,Attur,Servarayan GP,Servarayan,2025-06-30,146.0
Tamil Nadu,Salem,Attur,Servarayan GP,Servarayan,2025-07-07,146.0
Tamil Nadu,Salem,Attur,Servarayan GP,Servarayan,2025-07-14,141.0
Tamil Nadu,Salem,Attur,Servarayan GP,Servarayan,2025-07-21,132.0
Tamil Nadu,Salem,Attur,Servarayan GP,Servarayan,2025-07-28,131.0
Tamil Nadu,Salem,Attur,Servarayan GP,Servarayan,2025-08-04,126.0
Tamil Nadu,Salem,Attur,Servarayan GP,Servarayan,2025-08-11,122.0
Tamil Nadu,Salem,Attur,Servarayan GP,Servarayan,2025-08-18,128.0
Tamil Nadu,Salem,Attur,Servarayan GP,Servarayan,2025-08-25,123.0
Tamil Nadu,Salem,Attur,Servarayan GP,Servarayan,2025-09-01,114.0
Tamil Nadu,Salem,Attur,Servarayan GP,Servarayan,2025-09-08,122.0
Tamil Nadu,Salem,Attur,Servarayan GP,Servarayan,2025-09-15,118.0
Tamil Nadu,Salem,Attur,Servarayan GP,Servarayan,2025-09-22,121.0
Tamil Nadu,Salem,Attur,Servarayan GP,Servarayan,2025-09-29,120.0
Tamil Nadu,Salem,Attur,Servarayan GP,Servarayan,2025-10-06,112.0
Tamil Nadu,Salem,Attur,Servarayan GP,Servarayan,2025-10-13,115.0
Tamil Nadu,Salem,Attur,Servarayan GP,Servarayan,2025-10-20,124.0
Tamil Nadu,Salem,Attur,Servarayan GP,Servarayan,2025-10-27,126.0
Tamil Nadu,Salem,Attur,Servarayan GP,Servarayan,2025-11-03,125.0
Tamil Nadu,Salem,Attur,Servarayan GP,Servarayan,2025-11-10,129.0
Tamil Nadu,Salem,Attur,Servarayan GP,Servarayan,2025-11-17,140.0
Tamil Nadu,Salem,Attur,Servarayan GP,Servarayan,2025-11-24,133.0
Tamil Nadu,Salem,Attur,Servarayan GP,Servarayan,2025-12-01,145.0
Tamil Nadu,Salem,Attur,Servarayan GP,Servarayan,2025-12-08,145.0
Tamil Nadu,Salem,Attur,Servarayan GP,Servarayan,2025-12-15,150.0
Tamil Nadu,Salem,Attur,Servarayan GP,Servarayan,2025-12-22,164.0
Tamil Nadu,Salem,Attur,Periyakottai GP,Periyakottai,2024-01-01,157.0
Tamil Nadu,Salem,Attur,Periyakottai GP,Periyakottai,2024-01-08,162.0
Tamil Nadu,Salem,Attur,Periyakottai GP,Periyakottai,2024-01-15,171.0
Tamil Nadu,Salem,Attur,Periyakottai GP,Periyakottai,2024-01-22,163.0
Tamil Nadu,Salem,Attur,Periyakottai GP,Periyakottai,2024-01-29,174.0
Tamil Nadu,Salem,Attur,Periyakottai GP,Periyakottai,2024-02-05,169.0
Tamil Nadu,Salem,Attur,Periyakottai GP,Periyakottai,2024-02-12,178.0
Tamil Nadu,Salem,Attur,Periyakottai GP,Periyakottai,2024-02-19,177.0
Tamil Nadu,Salem,Attur,Periyakottai GP,Periyakottai,2024-02-26,182.0
Tamil Nadu,Salem,Attur,Periyakottai GP,Periyakottai,2024-03-04,189.0
Tamil Nadu,Salem,Attur,Periyakottai GP,Periyakottai,2024-03-11,178.0
Tamil Nadu,Salem,Attur,Periyakottai GP,Periyakottai,2024-03-18,205.0
Tamil Nadu,Salem,Attur,Periyakottai GP,Periyakottai,2024-03-25,178.0
Tamil Nadu,Salem,Attur,Periyakottai GP,Periyakottai,2024-04-01,177.0
Tamil Nadu,Salem,Attur,Periyakottai GP,Periyakottai,2024-04-08,198.0
Tamil Nadu,Salem,Attur,Periyakottai GP,Periyakottai,2024-04-15,194.0
Tamil Nadu,Salem,Attur,Periyakottai GP,Periyakottai,2024-04-22,191.0
Tamil Nadu,Salem,Attur,Periyakottai GP,Periyakottai,2024-04-29,189.0
Tamil Nadu,Salem,Attur,Periyakottai GP,Periyakottai,2024-05-06,181.0
Tamil Nadu,Salem,Attur,Periyakottai GP,Periyakottai,2024-05-13,170.0
Tamil Nadu,Salem,Attur,Periyakottai GP,Periyakottai,2024-05-20,176.0
Tamil Nadu,Salem,Attur,Periyakottai GP,Periyakottai,2024-05-27,165.0
Tamil Nadu,Salem,Attur,Periyakottai GP,Periyakottai,2024-06-03,176.0
Tamil Nadu,Salem,Attur,Periyakottai GP,Periyakottai,2024-06-10,162.0
Tamil Nadu,Salem,Attur,Periyakottai GP,Periyakottai,2024-06-17,152.0
Tamil Nadu,Salem,Attur,Periyakottai GP,Periyakottai,2024-06-24,152.0
Tamil Nadu,Salem,Attur,Periyakottai GP,Periyakottai,2024-07-01,154.0
Tamil Nadu,Salem,Attur,Periyakottai GP,Periyakottai,2024-07-08,140.0
Tamil Nadu,Salem,Attur,Periyakottai GP,Periyakottai,2024-07-15,134.0
Tamil Nadu,Salem,Attur,Periyakottai GP,Periyakottai,2024-07-22,139.0
Tamil Nadu,Salem,Attur,Periyakottai GP,Periyakottai,2024-07-29,135.0
Tamil Nadu,Salem,Attur,Periyakottai GP,Periyakottai,2024-08-05,124.0
Tamil Nadu,Salem,Attur,Periyakottai GP,Periyakottai,2024-08-12,121.0
Tamil Nadu,Salem,Attur,Periyakottai GP,Periyakottai,2024-08-19,124.0
Tamil Nadu,Salem,Attur,Periyakottai GP,Periyakottai,2024-08-26,106.0
Tamil Nadu,Salem,Attur,Periyakottai GP,Periyakottai,2024-09-02,104.0
Tamil Nadu,Salem,Attur,Periyakottai GP,Periyakottai,2024-09-09,108.0
Tamil Nadu,Salem,Attur,Periyakottai GP,Periyakottai,2024-09-16,112.0
Tamil Nadu,Salem,Attur,Periyakottai GP,Periyakottai,2024-09-23,116.0
Tamil Nadu,Salem,Attur,Periyakottai GP,Periyakottai,2024-09-30,126.0
Tamil Nadu,Salem,Attur,Periyakottai GP,Periyakottai,2024-10-07,120.0
Tamil Nadu,Salem,Attur,Periyakottai GP,Periyakottai,2024-10-14,112.0
Tamil Nadu,Salem,Attur,Periyakottai GP,Periyakottai,2024-10-21,115.0
Tamil Nadu,Salem,Attur,Periyakottai GP,Periyakottai,2024-10-28,108.0
Tamil Nadu,Salem,Attur,Periyakottai GP,Periyakottai,2024-11-04,119.0
Tamil Nadu,Salem,Attur,Periyakottai GP,Periyakottai,2024-11-11,119.0
Tamil Nadu,Salem,Attur,Periyakottai GP,Periyakottai,2024-11-18,128.0
Tamil Nadu,Salem,Attur,Periyakottai GP,Periyakottai,2024-11-25,121.0
Tamil Nadu,Salem,Attur,Periyakottai GP,Periyakottai,2024-12-02,137.0
Tamil Nadu,Salem,Attur,Periyakottai GP,Periyakottai,2024-12-09,150.0
Tamil Nadu,Salem,Attur,Periyakottai GP,Periyakottai,2024-12-16,140.0
Tamil Nadu,Salem,Attur,Periyakottai GP,Periyakottai,2024-12-23,149.0
Tamil Nadu,Salem,Attur,Periyakottai GP,Periyakottai,2024-12-30,156.0
Tamil Nadu,Salem,Attur,Periyakottai GP,Periyakottai,2025-01-06,151.0
Tamil Nadu,Salem,Attur,Periyakottai GP,Periyakottai,2025-01-13,161.0
Tamil Nadu,Salem,Attur,Periyakottai GP,Periyakottai,2025-01-20,163.0
Tamil Nadu,Salem,Attur,Periyakottai GP,Periyakottai,2025-01-27,168.0
Tamil Nadu,Salem,Attur,Periyakottai GP,Periyakottai,2025-02-03,164.0
Tamil Nadu,Salem,Attur,Periyakottai GP,Periyakottai,2025-02-10,175.0
Tamil Nadu,Salem,Attur,Periyakottai GP,Periyakottai,2025-02-17,183.0
Tamil Nadu,Salem,Attur,Periyakottai GP,Periyakottai,2025-02-24,194.0
Tamil Nadu,Salem,Attur,Periyakottai GP,Periyakottai,2025-03-03,192.0
Tamil Nadu,Salem,Attur,Periyakottai GP,Periyakottai,2025-03-10,204.0
Tamil Nadu,Salem,Attur,Periyakottai GP,Periyakottai,2025-03-17,180.0
Tamil Nadu,Salem,Attur,Periyakottai GP,Periyakottai,2025-03-24,195.0
Tamil Nadu,Salem,Attur,Periyakottai GP,Periyakottai,2025-03-31,189.0
Tamil Nadu,Salem,Attur,Periyakottai GP,Periyakottai,2025-04-07,207.0
Tamil Nadu,Salem,Attur,Periyakottai GP,Periyakottai,2025-04-14,179.0
Tamil Nadu,Salem,Attur,Periyakottai GP,Periyakottai,2025-04-21,178.0
Tamil Nadu,Salem,Attur,Periyakottai GP,Periyakottai,2025-04-28,178.0
Tamil Nadu,Salem,Attur,Periyakottai GP,Periyakottai,2025-05-05,162.0
Tamil Nadu,Salem,Attur,Periyakottai GP,Periyakottai,2025-05-12,173.0
Tamil Nadu,Salem,Attur,Periyakottai GP,Periyakottai,2025-05-19,168.0
Tamil Nadu,Salem,Attur,Periyakottai GP,Periyakottai,2025-05-26,173.0
Tamil Nadu,Salem,Attur,Periyakottai GP,Periyakottai,2025-06-02,171.0
Tamil Nadu,Salem,Attur,Periyakottai GP,Periyakottai,2025-06-09,180.0
Tamil Nadu,Salem,Attur,Periyakottai GP,Periyakottai,2025-06-16,168.0
Tamil Nadu,Salem,Attur,Periyakottai GP,Periyakottai,2025-06-23,149.0
Tamil Nadu,Salem,Attur,Periyakottai GP,Periyakottai,2025-06-30,142.0
Tamil Nadu,Salem,Attur,Periyakottai GP,Periyakottai,2025-07-07,150.0
Tamil Nadu,Salem,Attur,Periyakottai GP,Periyakottai,2025-07-14,129.0
Tamil Nadu,Salem,Attur,Periyakottai GP,Periyakottai,2025-07-21,153.0
Tamil Nadu,Salem,Attur,Periyakottai GP,Periyakottai,2025-07-28,143.0
Tamil Nadu,Salem,Attur,Periyakottai GP,Periyakottai,2025-08-04,124.0
Tamil Nadu,Salem,Attur,Periyakottai GP,Periyakottai,2025-08-11,110.0
Tamil Nadu,Salem,Attur,Periyakottai GP,Periyakottai,2025-08-18,
Tamil Nadu,Salem,Attur,Periyakottai GP,Periyakottai,2025-08-25,118.0
Tamil Nadu,Salem,Attur,Periyakottai GP,Periyakottai,2025-09-01,128.0
Tamil Nadu,Salem,Attur,Periyakottai GP,Periyakottai,2025-09-08,101.0
Tamil Nadu,Salem,Attur,Periyakottai GP,Periyakottai,2025-09-15,108.0
Tamil Nadu,Salem,Attur,Periyakottai GP,Periyakottai,2025-09-22,113.0
Tamil Nadu,Salem,Attur,Periyakottai GP,Periyakottai,2025-09-29,113.0
Tamil Nadu,Salem,Attur,Periyakottai GP,Periyakottai,2025-10-06,109.0
Tamil Nadu,Salem,Attur,Periyakottai GP,Periyakottai,2025-10-13,119.0
Tamil Nadu,Salem,Attur,Periyakottai GP,Periyakottai,2025-10-20,105.0
Tamil Nadu,Salem,Attur,Periyakottai GP,Periyakottai,2025-10-27,116.0
Tamil Nadu,Salem,Attur,Periyakottai GP,Periyakottai,2025-11-03,120.0
Tamil Nadu,Salem,Attur,Periyakottai GP,Periyakottai,2025-11-10,127.0
Tamil Nadu,Salem,Attur,Periyakottai GP,Periyakottai,2025-11-17,231.0
Tamil Nadu,Salem,Attur,Periyakottai GP,Periyakottai,2025-11-24,267.0
Tamil Nadu,Salem,Attur,Periyakottai GP,Periyakottai,2025-12-01,316.0
Tamil Nadu,Salem,Attur,Periyakottai GP,Periyakottai,2025-12-08,394.0
Tamil Nadu,Salem,Attur,Periyakottai GP,Periyakottai,2025-12-15,
Tamil Nadu,Salem,Attur,Periyakottai GP,Periyakottai,2025-12-22,481.0
Tamil Nadu,Villupuram,Gingee,Vadakku Agraharam GP,Vadakku Agraharam,2024-01-01,
Tamil Nadu,Villupuram,Gingee,Vadakku Agraharam GP,Vadakku Agraharam,2024-01-08,62.0
Tamil Nadu,Villupuram,Gingee,Vadakku Agraharam GP,Vadakku Agraharam,2024-01-15,68.0
Tamil Nadu,Villupuram,Gingee,Vadakku Agraharam GP,Vadakku Agraharam,2024-01-22,66.0
Tamil Nadu,Villupuram,Gingee,Vadakku Agraharam GP,Vadakku Agraharam,2024-01-29,74.0
Tamil Nadu,Villupuram,Gingee,Vadakku Agraharam GP,Vadakku Agraharam,2024-02-05,75.0
Tamil Nadu,Villupuram,Gingee,Vadakku Agraharam GP,Vadakku Agraharam,2024-02-12,69.0
Tamil Nadu,Villupuram,Gingee,Vadakku Agraharam GP,Vadakku Agraharam,2024-02-19,75.0
Tamil Nadu,Villupuram,Gingee,Vadakku Agraharam GP,Vadakku Agraharam,2024-02-26,75.0
Tamil Nadu,Villupuram,Gingee,Vadakku Agraharam GP,Vadakku Agraharam,2024-03-04,78.0
Tamil Nadu,Villupuram,Gingee,Vadakku Agraharam GP,Vadakku Agraharam,2024-03-11,71.0
Tamil Nadu,Villupuram,Gingee,Vadakku Agraharam GP,Vadakku Agraharam,2024-03-18,77.0
Tamil Nadu,Villupuram,Gingee,Vadakku Agraharam GP,Vadakku Agraharam,2024-03-25,79.0
Tamil Nadu,Villupuram,Gingee,Vadakku Agraharam GP,Vadakku Agraharam,2024-04-01,69.0
Tamil Nadu,Villupuram,Gingee,Vadakku Agraharam GP,Vadakku Agraharam,2024-04-08,71.0
Tamil Nadu,Villupuram,Gingee,Vadakku Agraharam GP,Vadakku Agraharam,2024-04-15,67.0
Tamil Nadu,Villupuram,Gingee,Vadakku Agraharam GP,Vadakku Agraharam,2024-04-22,73.0
Tamil Nadu,Villupuram,Gingee,Vadakku Agraharam GP,Vadakku Agraharam,2024-04-29,76.0
Tamil Nadu,Villupuram,Gingee,Vadakku Agraharam GP,Vadakku Agraharam,2024-05-06,78.0
Tamil Nadu,Villupuram,Gingee,Vadakku Agraharam GP,Vadakku Agraharam,2024-05-13,71.0
Tamil Nadu,Villupuram,Gingee,Vadakku Agraharam GP,Vadakku Agraharam,2024-05-20,76.0
Tamil Nadu,Villupuram,Gingee,Vadakku Agraharam GP,Vadakku Agraharam,2024-05-27,
Tamil Nadu,Villupuram,Gingee,Vadakku Agraharam GP,Vadakku Agraharam,2024-06-03,61.0
Tamil Nadu,Villupuram,Gingee,Vadakku Agraharam GP,Vadakku Agraharam,2024-06-10,65.0
Tamil Nadu,Villupuram,Gingee,Vadakku Agraharam GP,Vadakku Agraharam,2024-06-17,65.0
Tamil Nadu,Villupuram,Gingee,Vadakku Agraharam GP,Vadakku Agraharam,2024-06-24,62.0
Tamil Nadu,Villupuram,Gingee,Vadakku Agraharam GP,Vadakku Agraharam,2024-07-01,53.0
Tamil Nadu,Villupuram,Gingee,Vadakku Agraharam GP,Vadakku Agraharam,2024-07-08,58.0
Tamil Nadu,Villupuram,Gingee,Vadakku Agraharam GP,Vadakku Agraharam,2024-07-15,52.0
Tamil Nadu,Villupuram,Gingee,Vadakku Agraharam GP,Vadakku Agraharam,2024-07-22,57.0
Tamil Nadu,Villupuram,Gingee,Vadakku Agraharam GP,Vadakku Agraharam,2024-07-29,54.0
Tamil Nadu,Villupuram,Gingee,Vadakku Agraharam GP,Vadakku Agraharam,2024-08-05,48.0
Tamil Nadu,Villupuram,Gingee,Vadakku Agraharam GP,Vadakku Agraharam,2024-08-12,48.0
Tamil Nadu,Villupuram,Gingee,Vadakku Agraharam GP,Vadakku Agraharam,2024-08-19,45.0
Tamil Nadu,Villupuram,Gingee,Vadakku Agraharam GP,Vadakku Agraharam,2024-08-26,47.0
Tamil Nadu,Villupuram,Gingee,Vadakku Agraharam GP,Vadakku Agraharam,2024-09-02,50.0
Tamil Nadu,Villupuram,Gingee,Vadakku Agraharam GP,Vadakku Agraharam,2024-09-09,42.0
Tamil Nadu,Villupuram,Gingee,Vadakku Agraharam GP,Vadakku Agraharam,2024-09-16,47.0
Tamil Nadu,Villupuram,Gingee,Vadakku Agraharam GP,Vadakku Agraharam,2024-09-23,43.0
Tamil Nadu,Villupuram,Gingee,Vadakku Agraharam GP,Vadakku Agraharam,2024-09-30,42.0
Tamil Nadu,Villupuram,Gingee,Vadakku Agraharam GP,Vadakku Agraharam,2024-10-07,45.0
Tamil Nadu,Villupuram,Gingee,Vadakku Agraharam GP,Vadakku Agraharam,2024-10-14,42.0
Tamil Nadu,Villupuram,Gingee,Vadakku Agraharam GP,Vadakku Agraharam,2024-10-21,44.0
Tamil Nadu,Villupuram,Gingee,Vadakku Agraharam GP,Vadakku Agraharam,2024-10-28,42.0
Tamil Nadu,Villupuram,Gingee,Vadakku Agraharam GP,Vadakku Agraharam,2024-11-04,55.0
Tamil Nadu,Villupuram,Gingee,Vadakku Agraharam GP,Vadakku Agraharam,2024-11-11,49.0
Tamil Nadu,Villupuram,Gingee,Vadakku Agraharam GP,Vadakku Agraharam,2024-11-18,48.0
Tamil Nadu,Villupuram,Gingee,Vadakku Agraharam GP,Vadakku Agraharam,2024-11-25,52.0
Tamil Nadu,Villupuram,Gingee,Vadakku Agraharam GP,Vadakku Agraharam,2024-12-02,53.0
Tamil Nadu,Villupuram,Gingee,Vadakku Agraharam GP,Vadakku Agraharam,2024-12-09,54.0
Tamil Nadu,Villupuram,Gingee,Vadakku Agraharam GP,Vadakku Agraharam,2024-12-16,59.0
Tamil Nadu,Villupuram,Gingee,Vadakku Agraharam GP,Vadakku Agraharam,2024-12-23,61.0
Tamil Nadu,Villupuram,Gingee,Vadakku Agraharam GP,Vadakku Agraharam,2024-12-30,58.0
Tamil Nadu,Villupuram,Gingee,Vadakku Agraharam GP,Vadakku Agraharam,2025-01-06,60.0
Tamil Nadu,Villupuram,Gingee,Vadakku Agraharam GP,Vadakku Agraharam,2025-01-13,63.0
Tamil Nadu,Villupuram,Gingee,Vadakku Agraharam GP,Vadakku Agraharam,2025-01-20,57.0
Tamil Nadu,Villupuram,Gingee,Vadakku Agraharam GP,Vadakku Agraharam,2025-01-27,62.0
Tamil Nadu,Villupuram,Gingee,Vadakku Agraharam GP,Vadakku Agraharam,2025-02-03,73.0
Tamil Nadu,Villupuram,Gingee,Vadakku Agraharam GP,Vadakku Agraharam,2025-02-10,76.0
Tamil Nadu,Villupuram,Gingee,Vadakku Agraharam GP,Vadakku Agraharam,2025-02-17,70.0
Tamil Nadu,Villupuram,Gingee,Vadakku Agraharam GP,Vadakku Agraharam,2025-02-24,74.0
Tamil Nadu,Villupuram,Gingee,Vadakku Agraharam GP,Vadakku Agraharam,2025-03-03,74.0
Tamil Nadu,Villupuram,Gingee,Vadakku Agraharam GP,Vadakku Agraharam,2025-03-10,85.0
Tamil Nadu,Villupuram,Gingee,Vadakku Agraharam GP,Vadakku Agraharam,2025-03-17,79.0
Tamil Nadu,Villupuram,Gingee,Vadakku Agraharam GP,Vadakku Agraharam,2025-03-24,74.0
Tamil Nadu,Villupuram,Gingee,Vadakku Agraharam GP,Vadakku Agraharam,2025-03-31,72.0
Tamil Nadu,Villupuram,Gingee,Vadakku Agraharam GP,Vadakku Agraharam,2025-04-07,69.0
Tamil Nadu,Villupuram,Gingee,Vadakku Agraharam GP,Vadakku Agraharam,2025-04-14,75.0
Tamil Nadu,Villupuram,Gingee,Vadakku Agraharam GP,Vadakku Agraharam,2025-04-21,71.0
Tamil Nadu,Villupuram,Gingee,Vadakku Agraharam GP,Vadakku Agraharam,2025-04-28,68.0
Tamil Nadu,Villupuram,Gingee,Vadakku Agraharam GP,Vadakku Agraharam,2025-05-05,70.0
Tamil Nadu,Villupuram,Gingee,Vadakku Agraharam GP,Vadakku Agraharam,2025-05-12,67.0
Tamil Nadu,Villupuram,Gingee,Vadakku Agraharam GP,Vadakku Agraharam,2025-05-19,76.0
Tamil Nadu,Villupuram,Gingee,Vadakku Agraharam GP,Vadakku Agraharam,2025-05-26,72.0
Tamil Nadu,Villupuram,Gingee,Vadakku Agraharam GP,Vadakku Agraharam,2025-06-02,67.0
Tamil Nadu,Villupuram,Gingee,Vadakku Agraharam GP,Vadakku Agraharam,2025-06-09,71.0
Tamil Nadu,Villupuram,Gingee,Vadakku Agraharam GP,Vadakku Agraharam,2025-06-16,64.0
Tamil Nadu,Villupuram,Gingee,Vadakku Agraharam GP,Vadakku Agraharam,2025-06-23,59.0
Tamil Nadu,Villupuram,Gingee,Vadakku Agraharam GP,Vadakku Agraharam,2025-06-30,65.0
Tamil Nadu,Villupuram,Gingee,Vadakku Agraharam GP,Vadakku Agraharam,2025-07-07,60.0
Tamil Nadu,Villupuram,Gingee,Vadakku Agraharam GP,Vadakku Agraharam,2025-07-14,53.0
Tamil Nadu,Villupuram,Gingee,Vadakku Agraharam GP,Vadakku Agraharam,2025-07-21,54.0
Tamil Nadu,Villupuram,Gingee,Vadakku Agraharam GP,Vadakku Agraharam,2025-07-28,50.0
Tamil Nadu,Villupuram,Gingee,Vadakku Agraharam GP,Vadakku Agraharam,2025-08-04,47.0
Tamil Nadu,Villupuram,Gingee,Vadakku Agraharam GP,Vadakku Agraharam,2025-08-11,53.0
Tamil Nadu,Villupuram,Gingee,Vadakku Agraharam GP,Vadakku Agraharam,2025-08-18,56.0
Tamil Nadu,Villupuram,Gingee,Vadakku Agraharam GP,Vadakku Agraharam,2025-08-25,43.0
Tamil Nadu,Villupuram,Gingee,Vadakku Agraharam GP,Vadakku Agraharam,2025-09-01,49.0
Tamil Nadu,Villupuram,Gingee,Vadakku Agraharam GP,Vadakku Agraharam,2025-09-08,44.0
Tamil Nadu,Villupuram,Gingee,Vadakku Agraharam GP,Vadakku Agraharam,2025-09-15,44.0
Tamil Nadu,Villupuram,Gingee,Vadakku Agraharam GP,Vadakku Agraharam,2025-09-22,43.0
Tamil Nadu,Villupuram,Gingee,Vadakku Agraharam GP,Vadakku Agraharam,2025-09-29,42.0
Tamil Nadu,Villupuram,Gingee,Vadakku Agraharam GP,Vadakku Agraharam,2025-10-06,45.0
Tamil Nadu,Villupuram,Gingee,Vadakku Agraharam GP,Vadakku Agraharam,2025-10-13,42.0
Tamil Nadu,Villupuram,Gingee,Vadakku Agraharam GP,Vadakku Agraharam,2025-10-20,47.0
Tamil Nadu,Villupuram,Gingee,Vadakku Agraharam GP,Vadakku Agraharam,2025-10-27,47.0
Tamil Nadu,Villupuram,Gingee,Vadakku Agraharam GP,Vadakku Agraharam,2025-11-03,47.0
Tamil Nadu,Villupuram,Gingee,Vadakku Agraharam GP,Vadakku Agraharam,2025-11-10,46.0
Tamil Nadu,Villupuram,Gingee,Vadakku Agraharam GP,Vadakku Agraharam,2025-11-17,48.0
Tamil Nadu,Villupuram,Gingee,Vadakku Agraharam GP,Vadakku Agraharam,2025-11-24,54.0
Tamil Nadu,Villupuram,Gingee,Vadakku Agraharam GP,Vadakku Agraharam,2025-12-01,55.0
Tamil Nadu,Villupuram,Gingee,Vadakku Agraharam GP,Vadakku Agraharam,2025-12-08,51.0
Tamil Nadu,Villupuram,Gingee,Vadakku Agraharam GP,Vadakku Agraharam,2025-12-15,57.0
Tamil Nadu,Villupuram,Gingee,Vadakku Agraharam GP,Vadakku Agraharam,2025-12-22,61.0
Tamil Nadu,Villupuram,Gingee,Melpakkam GP,Melpakkam,2024-01-01,9.0
Tamil Nadu,Villupuram,Gingee,Melpakkam GP,Melpakkam,2024-01-08,9.0
Tamil Nadu,Villupuram,Gingee,Melpakkam GP,Melpakkam,2024-01-15,4.0
Tamil Nadu,Villupuram,Gingee,Melpakkam GP,Melpakkam,2024-01-22,8.0
Tamil Nadu,Villupuram,Gingee,Melpakkam GP,Melpakkam,2024-01-29,6.0
Tamil Nadu,Villupuram,Gingee,Melpakkam GP,Melpakkam,2024-02-05,5.0
Tamil Nadu,Villupuram,Gingee,Melpakkam GP,Melpakkam,2024-02-12,6.0
Tamil Nadu,Villupuram,Gingee,Melpakkam GP,Melpakkam,2024-02-19,8.0
Tamil Nadu,Villupuram,Gingee,Melpakkam GP,Melpakkam,2024-02-26,7.0
Tamil Nadu,Villupuram,Gingee,Melpakkam GP,Melpakkam,2024-03-04,7.0
Tamil Nadu,Villupuram,Gingee,Melpakkam GP,Melpakkam,2024-03-11,6.0
Tamil Nadu,Villupuram,Gingee,Melpakkam GP,Melpakkam,2024-03-18,11.0
Tamil Nadu,Villupuram,Gingee,Melpakkam GP,Melpakkam,2024-03-25,6.0
Tamil Nadu,Villupuram,Gingee,Melpakkam GP,Melpakkam,2024-04-01,8.0
Tamil Nadu,Villupuram,Gingee,Melpakkam GP,Melpakkam,2024-04-08,7.0
Tamil Nadu,Villupuram,Gingee,Melpakkam GP,Melpakkam,2024-04-15,8.0
Tamil Nadu,Villupuram,Gingee,Melpakkam GP,Melpakkam,2024-04-22,9.0
Tamil Nadu,Villupuram,Gingee,Melpakkam GP,Melpakkam,2024-04-29,7.0
Tamil Nadu,Villupuram,Gingee,Melpakkam GP,Melpakkam,2024-05-06,7.0
Tamil Nadu,Villupuram,Gingee,Melpakkam GP,Melpakkam,2024-05-13,7.0
Tamil Nadu,Villupuram,Gingee,Melpakkam GP,Melpakkam,2024-05-20,12.0
Tamil Nadu,Villupuram,Gingee,Melpakkam GP,Melpakkam,2024-05-27,7.0
Tamil Nadu,Villupuram,Gingee,Melpakkam GP,Melpakkam,2024-06-03,7.0
Tamil Nadu,Villupuram,Gingee,Melpakkam GP,Melpakkam,2024-06-10,6.0
Tamil Nadu,Villupuram,Gingee,Melpakkam GP,Melpakkam,2024-06-17,7.0
Tamil Nadu,Villupuram,Gingee,Melpakkam GP,Melpakkam,2024-06-24,11.0
Tamil Nadu,Villupuram,Gingee,Melpakkam GP,Melpakkam,2024-07-01,8.0
Tamil Nadu,Villupuram,Gingee,Melpakkam GP,Melpakkam,2024-07-08,4.0
Tamil Nadu,Villupuram,Gingee,Melpakkam GP,Melpakkam,2024-07-15,10.0
Tamil Nadu,Villupuram,Gingee,Melpakkam GP,Melpakkam,2024-07-22,10.0
Tamil Nadu,Villupuram,Gingee,Melpakkam GP,Melpakkam,2024-07-29,7.0
Tamil Nadu,Villupuram,Gingee,Melpakkam GP,Melpakkam,2024-08-05,13.0
Tamil Nadu,Villupuram,Gingee,Melpakkam GP,Melpakkam,2024-08-12,8.0
Tamil Nadu,Villupuram,Gingee,Melpakkam GP,Melpakkam,2024-08-19,6.0
Tamil Nadu,Villupuram,Gingee,Melpakkam GP,Melpakkam,2024-08-26,6.0
Tamil Nadu,Villupuram,Gingee,Melpakkam GP,Melpakkam,2024-09-02,7.0
Tamil Nadu,Villupuram,Gingee,Melpakkam GP,Melpakkam,2024-09-09,9.0
Tamil Nadu,Villupuram,Gingee,Melpakkam GP,Melpakkam,2024-09-16,7.0
Tamil Nadu,Villupuram,Gingee,Melpakkam GP,Melpakkam,2024-09-23,6.0
Tamil Nadu,Villupuram,Gingee,Melpakkam GP,Melpakkam,2024-09-30,9.0
Tamil Nadu,Villupuram,Gingee,Melpakkam GP,Melpakkam,2024-10-07,6.0
Tamil Nadu,Villupuram,Gingee,Melpakkam GP,Melpakkam,2024-10-14,11.0
Tamil Nadu,Villupuram,Gingee,Melpakkam GP,Melpakkam,2024-10-21,12.0
Tamil Nadu,Villupuram,Gingee,Melpakkam GP,Melpakkam,2024-10-28,6.0
Tamil Nadu,Villupuram,Gingee,Melpakkam GP,Melpakkam,2024-11-04,11.0
Tamil Nadu,Villupuram,Gingee,Melpakkam GP,Melpakkam,2024-11-11,8.0
Tamil Nadu,Villupuram,Gingee,Melpakkam GP,Melpakkam,2024-11-18,6.0
Tamil Nadu,Villupuram,Gingee,Melpakkam GP,Melpakkam,2024-11-25,8.0
Tamil Nadu,Villupuram,Gingee,Melpakkam GP,Melpakkam,2024-12-02,9.0
Tamil Nadu,Villupuram,Gingee,Melpakkam GP,Melpakkam,2024-12-09,8.0
Tamil Nadu,Villupuram,Gingee,Melpakkam GP,Melpakkam,2024-12-16,9.0
Tamil Nadu,Villupuram,Gingee,Melpakkam GP,Melpakkam,2024-12-23,11.0
Tamil Nadu,Villupuram,Gingee,Melpakkam GP,Melpakkam,2024-12-30,7.0
Tamil Nadu,Villupuram,Gingee,Melpakkam GP,Melpakkam,2025-01-06,8.0
Tamil Nadu,Villupuram,Gingee,Melpakkam GP,Melpakkam,2025-01-13,10.0
Tamil Nadu,Villupuram,Gingee,Melpakkam GP,Melpakkam,2025-01-20,11.0
Tamil Nadu,Villupuram,Gingee,Melpakkam GP,Melpakkam,2025-01-27,7.0
Tamil Nadu,Villupuram,Gingee,Melpakkam GP,Melpakkam,2025-02-03,5.0
Tamil Nadu,Villupuram,Gingee,Melpakkam GP,Melpakkam,2025-02-10,8.0
Tamil Nadu,Villupuram,Gingee,Melpakkam GP,Melpakkam,2025-02-17,5.0
Tamil Nadu,Villupuram,Gingee,Melpakkam GP,Melpakkam,2025-02-24,11.0
Tamil Nadu,Villupuram,Gingee,Melpakkam GP,Melpakkam,2025-03-03,5.0
Tamil Nadu,Villupuram,Gingee,Melpakkam GP,Melpakkam,2025-03-10,7.0
Tamil Nadu,Villupuram,Gingee,Melpakkam GP,Melpakkam,2025-03-17,8.0
Tamil Nadu,Villupuram,Gingee,Melpakkam GP,Melpakkam,2025-03-24,9.0
Tamil Nadu,Villupuram,Gingee,Melpakkam GP,Melpakkam,2025-03-31,10.0
Tamil Nadu,Villupuram,Gingee,Melpakkam GP,Melpakkam,2025-04-07,6.0
Tamil Nadu,Villupuram,Gingee,Melpakkam GP,Melpakkam,2025-04-14,8.0
Tamil Nadu,Villupuram,Gingee,Melpakkam GP,Melpakkam,2025-04-21,8.0
Tamil Nadu,Villupuram,Gingee,Melpakkam GP,Melpakkam,2025-04-28,8.0
Tamil Nadu,Villupuram,Gingee,Melpakkam GP,Melpakkam,2025-05-05,7.0
Tamil Nadu,Villupuram,Gingee,Melpakkam GP,Melpakkam,2025-05-12,7.0
Tamil Nadu,Villupuram,Gingee,Melpakkam GP,Melpakkam,2025-05-19,8.0
Tamil Nadu,Villupuram,Gingee,Melpakkam GP,Melpakkam,2025-05-26,11.0
Tamil Nadu,Villupuram,Gingee,Melpakkam GP,Melpakkam,2025-06-02,10.0
Tamil Nadu,Villupuram,Gingee,Melpakkam GP,Melpakkam,2025-06-09,4.0
Tamil Nadu,Villupuram,Gingee,Melpakkam GP,Melpakkam,2025-06-16,7.0
Tamil Nadu,Villupuram,Gingee,Melpakkam GP,Melpakkam,2025-06-23,6.0
Tamil Nadu,Villupuram,Gingee,Melpakkam GP,Melpakkam,2025-06-30,12.0
Tamil Nadu,Villupuram,Gingee,Melpakkam GP,Melpakkam,2025-07-07,11.0
Tamil Nadu,Villupuram,Gingee,Melpakkam GP,Melpakkam,2025-07-14,6.0
Tamil Nadu,Villupuram,Gingee,Melpakkam GP,Melpakkam,2025-07-21,9.0
Tamil Nadu,Villupuram,Gingee,Melpakkam GP,Melpakkam,2025-07-28,9.0
Tamil Nadu,Villupuram,Gingee,Melpakkam GP,Melpakkam,2025-08-04,7.0
Tamil Nadu,Villupuram,Gingee,Melpakkam GP,Melpakkam,2025-08-11,9.0
Tamil Nadu,Villupuram,Gingee,Melpakkam GP,Melpakkam,2025-08-18,10.0
Tamil Nadu,Villupuram,Gingee,Melpakkam GP,Melpakkam,2025-08-25,9.0
Tamil Nadu,Villupuram,Gingee,Melpakkam GP,Melpakkam,2025-09-01,7.0
Tamil Nadu,Villupuram,Gingee,Melpakkam GP,Melpakkam,2025-09-08,5.0
Tamil Nadu,Villupuram,Gingee,Melpakkam GP,Melpakkam,2025-09-15,8.0
Tamil Nadu,Villupuram,Gingee,Melpakkam GP,Melpakkam,2025-09-22,10.0
Tamil Nadu,Villupuram,Gingee,Melpakkam GP,Melpakkam,2025-09-29,5.0
Tamil Nadu,Villupuram,Gingee,Melpakkam GP,Melpakkam,2025-10-06,9.0
Tamil Nadu,Villupuram,Gingee,Melpakkam GP,Melpakkam,2025-10-13,12.0
Tamil Nadu,Villupuram,Gingee,Melpakkam GP,Melpakkam,2025-10-20,11.0
Tamil Nadu,Villupuram,Gingee,Melpakkam GP,Melpakkam,2025-10-27,8.0
Tamil Nadu,Villupuram,Gingee,Melpakkam GP,Melpakkam,2025-11-03,9.0
Tamil Nadu,Villupuram,Gingee,Melpakkam GP,Melpakkam,2025-11-10,10.0
Tamil Nadu,Villupuram,Gingee,Melpakkam GP,Melpakkam,2025-11-17,8.0
Tamil Nadu,Villupuram,Gingee,Melpakkam GP,Melpakkam,2025-11-24,8.0
Tamil Nadu,Villupuram,Gingee,Melpakkam GP,Melpakkam,2025-12-01,5.0
Tamil Nadu,Villupuram,Gingee,Melpakkam GP,Melpakkam,2025-12-08,9.0
Tamil Nadu,Villupuram,Gingee,Melpakkam GP,Melpakkam,2025-12-15,15.0
Tamil Nadu,Villupuram,Gingee,Melpakkam GP,Melpakkam,2025-12-22,17.0
Tamil Nadu,Villupuram,Tindivanam,Thenmalai GP,Thenmalai,2024-01-01,126.0
Tamil Nadu,Villupuram,Tindivanam,Thenmalai GP,Thenmalai,2024-01-08,128.0
Tamil Nadu,Villupuram,Tindivanam,Thenmalai GP,Thenmalai,2024-01-15,139.0
Tamil Nadu,Villupuram,Tindivanam,Thenmalai GP,Thenmalai,2024-01-22,134.0
Tamil Nadu,Villupuram,Tindivanam,Thenmalai GP,Thenmalai,2024-01-29,148.0
Tamil Nadu,Villupuram,Tindivanam,Thenmalai GP,Thenmalai,2024-02-05,135.0
Tamil Nadu,Villupuram,Tindivanam,Thenmalai GP,Thenmalai,2024-02-12,160.0
Tamil Nadu,Villupuram,Tindivanam,Thenmalai GP,Thenmalai,2024-02-19,158.0
Tamil Nadu,Villupuram,Tindivanam,Thenmalai GP,Thenmalai,2024-02-26,159.0
Tamil Nadu,Villupuram,Tindivanam,Thenmalai GP,Thenmalai,2024-03-04,166.0
Tamil Nadu,Villupuram,Tindivanam,Thenmalai GP,Thenmalai,2024-03-11,173.0
Tamil Nadu,Villupuram,Tindivanam,Thenmalai GP,Thenmalai,2024-03-18,169.0
Tamil Nadu,Villupuram,Tindivanam,Thenmalai GP,Thenmalai,2024-03-25,148.0
Tamil Nadu,Villupuram,Tindivanam,Thenmalai GP,Thenmalai,2024-04-01,153.0
Tamil Nadu,Villupuram,Tindivanam,Thenmalai GP,Thenmalai,2024-04-08,157.0
Tamil Nadu,Villupuram,Tindivanam,Thenmalai GP,Thenmalai,2024-04-15,162.0
Tamil Nadu,Villupuram,Tindivanam,Thenmalai GP,Thenmalai,2024-04-22,164.0
Tamil Nadu,Villupuram,Tindivanam,Thenmalai GP,Thenmalai,2024-04-29,153.0
Tamil Nadu,Villupuram,Tindivanam,Thenmalai GP,Thenmalai,2024-05-06,158.0
Tamil Nadu,Villupuram,Tindivanam,Thenmalai GP,Thenmalai,2024-05-13,148.0
Tamil Nadu,Villupuram,Tindivanam,Thenmalai GP,Thenmalai,2024-05-20,147.0
Tamil Nadu,Villupuram,Tindivanam,Thenmalai GP,Thenmalai,2024-05-27,137.0
Tamil Nadu,Villupuram,Tindivanam,Thenmalai GP,Thenmalai,2024-06-03,138.0
Tamil Nadu,Villupuram,Tindivanam,Thenmalai GP,Thenmalai,2024-06-10,131.0
Tamil Nadu,Villupuram,Tindivanam,Thenmalai GP,Thenmalai,2024-06-17,130.0
Tamil Nadu,Villupuram,Tindivanam,Thenmalai GP,Thenmalai,2024-06-24,142.0
Tamil Nadu,Villupuram,Tindivanam,Thenmalai GP,Thenmalai,2024-07-01,123.0
Tamil Nadu,Villupuram,Tindivanam,Thenmalai GP,Thenmalai,2024-07-08,147.0
Tamil Nadu,Villupuram,Tindivanam,Thenmalai GP,Thenmalai,2024-07-15,126.0
Tamil Nadu,Villupuram,Tindivanam,Thenmalai GP,Thenmalai,2024-07-22,120.0
Tamil Nadu,Villupuram,Tindivanam,Thenmalai GP,Thenmalai,2024-07-29,108.0
Tamil Nadu,Villupuram,Tindivanam,Thenmalai GP,Thenmalai,2024-08-05,117.0
Tamil Nadu,Villupuram,Tindivanam,Thenmalai GP,Thenmalai,12/08/24,104.0
Tamil Nadu,Villupuram,Tindivanam,Thenmalai GP,Thenmalai,2024-08-19,107.0
Tamil Nadu,Villupuram,Tindivanam,Thenmalai GP,Thenmalai,2024-08-26,123.0
Tamil Nadu,Villupuram,Tindivanam,Thenmalai GP,Thenmalai,2024-09-02,100.0
Tamil Nadu,Villupuram,Tindivanam,Thenmalai GP,Thenmalai,2024-09-09,109.0
Tamil Nadu,Villupuram,Tindivanam,Thenmalai GP,Thenmalai,2024-09-16,93.0
Tamil Nadu,Villupuram,Tindivanam,Thenmalai GP,Thenmalai,2024-09-23,97.0
Tamil Nadu,Villupuram,Tindivanam,Thenmalai GP,Thenmalai,2024-09-30,111.0
Tamil Nadu,Villupuram,Tindivanam,Thenmalai GP,Thenmalai,2024-10-07,93.0
Tamil Nadu,Villupuram,Tindivanam,Thenmalai GP,Thenmalai,2024-10-14,113.0
Tamil Nadu,Villupuram,Tindivanam,Thenmalai GP,Thenmalai,2024-10-21,105.0
Tamil Nadu,Villupuram,Tindivanam,Thenmalai GP,Thenmalai,2024-10-28,97.0
Tamil Nadu,Villupuram,Tindivanam,Thenmalai GP,Thenmalai,2024-11-04,108.0
Tamil Nadu,Villupuram,Tindivanam,Thenmalai GP,Thenmalai,2024-11-11,113.0
Tamil Nadu,Villupuram,Tindivanam,Thenmalai GP,Thenmalai,2024-11-18,113.0
Tamil Nadu,Villupuram,Tindivanam,Thenmalai GP,Thenmalai,2024-11-25,99.0
Tamil Nadu,Villupuram,Tindivanam,Thenmalai GP,Thenmalai,2024-12-02,109.0
Tamil Nadu,Villupuram,Tindivanam,Thenmalai GP,Thenmalai,2024-12-09,117.0
Tamil Nadu,Villupuram,Tindivanam,Thenmalai GP,Thenmalai,2024-12-16,122.0
Tamil Nadu,Villupuram,Tindivanam,Thenmalai GP,Thenmalai,2024-12-23,131.0
Tamil Nadu,Villupuram,Tindivanam,Thenmalai GP,Thenmalai,2024-12-30,131.0
Tamil Nadu,Villupuram,Tindivanam,Thenmalai GP,Thenmalai,2025-01-06,124.0
Tamil Nadu,Villupuram,Tindivanam,Thenmalai GP,Thenmalai,2025-01-13,141.0
Tamil Nadu,Villupuram,Tindivanam,Thenmalai GP,Thenmalai,2025-01-20,146.0
Tamil Nadu,Villupuram,Tindivanam,Thenmalai GP,Thenmalai,2025-01-27,149.0
Tamil Nadu,Villupuram,Tindivanam,Thenmalai GP,Thenmalai,2025-02-03,157.0
Tamil Nadu,Villupuram,Tindivanam,Thenmalai GP,Thenmalai,2025-02-10,158.0
Tamil Nadu,Villupuram,Tindivanam,Thenmalai GP,Thenmalai,2025-02-17,158.0
Tamil Nadu,Villupuram,Tindivanam,Thenmalai GP,Thenmalai,2025-02-24,156.0
Tamil Nadu,Villupuram,Tindivanam,Thenmalai GP,Thenmalai,2025-03-03,146.0
Tamil Nadu,Villupuram,Tindivanam,Thenmalai GP,Thenmalai,2025-03-10,164.0
Tamil Nadu,Villupuram,Tindivanam,Thenmalai GP,Thenmalai,2025-03-17,163.0
Tamil Nadu,Villupuram,Tindivanam,Thenmalai GP,Thenmalai,2025-03-24,164.0
Tamil Nadu,Villupuram,Tindivanam,Thenmalai GP,Thenmalai,2025-03-31,153.0
Tamil Nadu,Villupuram,Tindivanam,Thenmalai GP,Thenmalai,2025-04-07,154.0
Tamil Nadu,Villupuram,Tindivanam,Thenmalai GP,Thenmalai,2025-04-14,170.0
Tamil Nadu,Villupuram,Tindivanam,Thenmalai GP,Thenmalai,2025-04-21,160.0
Tamil Nadu,Villupuram,Tindivanam,Thenmalai GP,Thenmalai,2025-04-28,164.0
Tamil Nadu,Villupuram,Tindivanam,Thenmalai GP,Thenmalai,2025-05-05,157.0
Tamil Nadu,Villupuram,Tindivanam,Thenmalai GP,Thenmalai,2025-05-12,155.0
Tamil Nadu,Villupuram,Tindivanam,Thenmalai GP,Thenmalai,2025-05-19,159.0
Tamil Nadu,Villupuram,Tindivanam,Thenmalai GP,Thenmalai,2025-05-26,144.0
Tamil Nadu,Villupuram,Tindivanam,Thenmalai GP,Thenmalai,2025-06-02,146.0
Tamil Nadu,Villupuram,Tindivanam,Thenmalai GP,Thenmalai,2025-06-09,138.0
Tamil Nadu,Villupuram,Tindivanam,Thenmalai GP,Thenmalai,2025-06-16,134.0
Tamil Nadu,Villupuram,Tindivanam,Thenmalai GP,Thenmalai,2025-06-23,132.0
Tamil Nadu,Villupuram,Tindivanam,Thenmalai GP,Thenmalai,2025-06-30,132.0
Tamil Nadu,Villupuram,Tindivanam,Thenmalai GP,Thenmalai,2025-07-07,122.0
Tamil Nadu,Villupuram,Tindivanam,Thenmalai GP,Thenmalai,2025-07-14,132.0
Tamil Nadu,Villupuram,Tindivanam,Thenmalai GP,Thenmalai,2025-07-21,111.0
Tamil Nadu,Villupuram,Tindivanam,Thenmalai GP,Thenmalai,2025-07-28,113.0
Tamil Nadu,Villupuram,Tindivanam,Thenmalai GP,Thenmalai,2025-08-04,108.0
Tamil Nadu,Villupuram,Tindivanam,Thenmalai GP,Thenmalai,2025-08-11,120.0
Tamil Nadu,Villupuram,Tindivanam,Thenmalai GP,Thenmalai,2025-08-18,107.0
Tamil Nadu,Villupuram,Tindivanam,Thenmalai GP,Thenmalai,2025-08-25,111.0
Tamil Nadu,Villupuram,Tindivanam,Thenmalai GP,Thenmalai,2025-09-01,90.0
Tamil Nadu,Villupuram,Tindivanam,Thenmalai GP,Thenmalai,2025-09-08,102.0
Tamil Nadu,Villupuram,Tindivanam,Thenmalai GP,Thenmalai,2025-09-15,105.0
Tamil Nadu,Villupuram,Tindivanam,Thenmalai GP,Thenmalai,2025-09-22,98.0
Tamil Nadu,Villupuram,Tindivanam,Thenmalai GP,Thenmalai,2025-09-29,106.0
Tamil Nadu,Villupuram,Tindivanam,Thenmalai GP,Thenmalai,2025-10-06,94.0
Tamil Nadu,Villupuram,Tindivanam,Thenmalai GP,Thenmalai,2025-10-13,109.0
Tamil Nadu,Villupuram,Tindivanam,Thenmalai GP,Thenmalai,2025-10-20,118.0
Tamil Nadu,Villupuram,Tindivanam,Thenmalai GP,Thenmalai,2025-10-27,98.0
Tamil Nadu,Villupuram,Tindivanam,Thenmalai GP,Thenmalai,2025-11-03,100.0
Tamil Nadu,Villupuram,Tindivanam,Thenmalai GP,Thenmalai,2025-11-10,117.0
Tamil Nadu,Villupuram,Tindivanam,Thenmalai GP,Thenmalai,2025-11-17,207.0
Tamil Nadu,Villupuram,Tindivanam,Thenmalai GP,Thenmalai,2025-11-24,236.0
Tamil Nadu,Villupuram,Tindivanam,Thenmalai GP,Thenmalai,2025-12-01,283.0
Tamil Nadu,Villupuram,Tindivanam,Thenmalai GP,Thenmalai,2025-12-08,329.0
Tamil Nadu,Villupuram,Tindivanam,Thenmalai GP,Thenmalai,2025-12-15,367.0
Tamil Nadu,Villupuram,Tindivanam,Thenmalai GP,Thenmalai,2025-12-22,415.0
Tamil Nadu,Villupuram,Tindivanam,Alagapuram GP,Alagapuram,2024-01-01,70.0
Tamil Nadu,Villupuram,Tindivanam,Alagapuram GP,Alagapuram,2024-01-08,74.0
Tamil Nadu,Villupuram,Tindivanam,Alagapuram GP,Alagapuram,2024-01-15,80.0
Tamil Nadu,Villupuram,Tindivanam,Alagapuram GP,Alagapuram,2024-01-22,84.0
Tamil Nadu,Villupuram,Tindivanam,Alagapuram GP,Alagapuram,2024-01-29,93.0
Tamil Nadu,Villupuram,Tindivanam,Alagapuram GP,Alagapuram,2024-02-05,84.0
Tamil Nadu,Villupuram,Tindivanam,Alagapuram GP,Alagapuram,2024-02-12,95.0
Tamil Nadu,Villupuram,Tindivanam,Alagapuram GP,Alagapuram,2024-02-19,92.0
Tamil Nadu,Villupuram,Tindivanam,Alagapuram GP,Alagapuram,2024-02-26,95.0
Tamil Nadu,Villupuram,Tindivanam,Alagapuram GP,Alagapuram,2024-03-04,100.0
Tamil Nadu,Villupuram,Tindivanam,Alagapuram GP,Alagapuram,2024-03-11,93.0
Tamil Nadu,Villupuram,Tindivanam,Alagapuram GP,Alagapuram,2024-03-18,101.0
Tamil Nadu,Villupuram,Tindivanam,Alagapuram GP,Alagapuram,2024-03-25,101.0
Tamil Nadu,Villupuram,Tindivanam,Alagapuram GP,Alagapuram,2024-04-01,103.0
Tamil Nadu,Villupuram,Tindivanam,Alagapuram GP,Alagapuram,2024-04-08,103.0
Tamil Nadu,Villupuram,Tindivanam,Alagapuram GP,Alagapuram,2024-04-15,113.0
Tamil Nadu,Villupuram,Tindivanam,Alagapuram GP,Alagapuram,2024-04-22,99.0
Tamil Nadu,Villupuram,Tindivanam,Alagapuram GP,Alagapuram,2024-04-29,99.0
Tamil Nadu,Villupuram,Tindivanam,Alagapuram GP,Alagapuram,2024-05-06,97.0
Tamil Nadu,Villupuram,Tindivanam,Alagapuram GP,Alagapuram,2024-05-13,97.0
Tamil Nadu,Villupuram,Tindivanam,Alagapuram GP,Alagapuram,2024-05-20,95.0
Tamil Nadu,Villupuram,Tindivanam,Alagapuram GP,Alagapuram,2024-05-27,102.0
Tamil Nadu,Villupuram,Tindivanam,Alagapuram GP,Alagapuram,2024-06-03,101.0
Tamil Nadu,Villupuram,Tindivanam,Alagapuram GP,Alagapuram,2024-06-10,90.0
Tamil Nadu,Villupuram,Tindivanam,Alagapuram GP,Alagapuram,2024-06-17,87.0
Tamil Nadu,Villupuram,Tindivanam,Alagapuram GP,Alagapuram,2024-06-24,91.0
Tamil Nadu,Villupuram,Tindivanam,Alagapuram GP,Alagapuram,2024-07-01,84.0
Tamil Nadu,Villupuram,Tindivanam,Alagapuram GP,Alagapuram,08/07/24,87.0
Tamil Nadu,Villupuram,Tindivanam,Alagapuram GP,Alagapuram,2024-07-15,83.0
Tamil Nadu,Villupuram,Tindivanam,Alagapuram GP,Alagapuram,2024-07-22,73.0
Tamil Nadu,Villupuram,Tindivanam,Alagapuram GP,Alagapuram,2024-07-29,85.0
Tamil Nadu,Villupuram,Tindivanam,Alagapuram GP,Alagapuram,2024-08-05,84.0
Tamil Nadu,Villupuram,Tindivanam,Alagapuram GP,Alagapuram,2024-08-12,72.0
Tamil Nadu,Villupuram,Tindivanam,Alagapuram GP,Alagapuram,2024-08-19,71.0
Tamil Nadu,Villupuram,Tindivanam,Alagapuram GP,Alagapuram,2024-08-26,73.0
Tamil Nadu,Villupuram,Tindivanam,Alagapuram GP,Alagapuram,2024-09-02,72.0
Tamil Nadu,Villupuram,Tindivanam,Alagapuram GP,Alagapuram,2024-09-09,73.0
Tamil Nadu,Villupuram,Tindivanam,Alagapuram GP,Alagapuram,2024-09-16,78.0
Tamil Nadu,Villupuram,Tindivanam,Alagapuram GP,Alagapuram,2024-09-23,68.0
Tamil Nadu,Villupuram,Tindivanam,Alagapuram GP,Alagapuram,2024-09-30,66.0
Tamil Nadu,Villupuram,Tindivanam,Alagapuram GP,Alagapuram,2024-10-07,64.0
Tamil Nadu,Villupuram,Tindivanam,Alagapuram GP,Alagapuram,2024-10-14,67.0
Tamil Nadu,Villupuram,Tindivanam,Alagapuram GP,Alagapuram,2024-10-21,72.0
Tamil Nadu,Villupuram,Tindivanam,Alagapuram GP,Alagapuram,2024-10-28,82.0
Tamil Nadu,Villupuram,Tindivanam,Alagapuram GP,Alagapuram,2024-11-04,73.0
Tamil Nadu,Villupuram,Tindivanam,Alagapuram GP,Alagapuram,2024-11-11,78.0
Tamil Nadu,Villupuram,Tindivanam,Alagapuram GP,Alagapuram,2024-11-18,80.0
Tamil Nadu,Villupuram,Tindivanam,Alagapuram GP,Alagapuram,2024-11-25,88.0
Tamil Nadu,Villupuram,Tindivanam,Alagapuram GP,Alagapuram,2024-12-02,97.0
Tamil Nadu,Villupuram,Tindivanam,Alagapuram GP,Alagapuram,2024-12-09,86.0
Tamil Nadu,Villupuram,Tindivanam,Alagapuram GP,Alagapuram,2024-12-16,89.0
Tamil Nadu,Villupuram,Tindivanam,Alagapuram GP,Alagapuram,2024-12-23,100.0
Tamil Nadu,Villupuram,Tindivanam,Alagapuram GP,Alagapuram,2024-12-30,101.0
Tamil Nadu,Villupuram,Tindivanam,Alagapuram GP,Alagapuram,2025-01-06,110.0
Tamil Nadu,Villupuram,Tindivanam,Alagapuram GP,Alagapuram,2025-01-13,108.0
Tamil Nadu,Villupuram,Tindivanam,Alagapuram GP,Alagapuram,2025-01-20,107.0
Tamil Nadu,Villupuram,Tindivanam,Alagapuram GP,Alagapuram,2025-01-27,114.0
Tamil Nadu,Villupuram,Tindivanam,Alagapuram GP,Alagapuram,2025-02-03,120.0
Tamil Nadu,Villupuram,Tindivanam,Alagapuram GP,Alagapuram,2025-02-10,122.0
Tamil Nadu,Villupuram,Tindivanam,Alagapuram GP,Alagapuram,2025-02-17,123.0
Tamil Nadu,Villupuram,Tindivanam,Alagapuram GP,Alagapuram,2025-02-24,128.0
Tamil Nadu,Villupuram,Tindivanam,Alagapuram GP,Alagapuram,2025-03-03,130.0
Tamil Nadu,Villupuram,Tindivanam,Alagapuram GP,Alagapuram,2025-03-10,133.0
Tamil Nadu,Villupuram,Tindivanam,Alagapuram GP,Alagapuram,2025-03-17,131.0
Tamil Nadu,Villupuram,Tindivanam,Alagapuram GP,Alagapuram,2025-03-24,129.0
Tamil Nadu,Villupuram,Tindivanam,Alagapuram GP,Alagapuram,2025-03-31,131.0
Tamil Nadu,Villupuram,Tindivanam,Alagapuram GP,Alagapuram,2025-04-07,136.0
Tamil Nadu,Villupuram,Tindivanam,Alagapuram GP,Alagapuram,2025-04-14,127.0
Tamil Nadu,Villupuram,Tindivanam,Alagapuram GP,Alagapuram,2025-04-21,132.0
Tamil Nadu,Villupuram,Tindivanam,Alagapuram GP,Alagapuram,2025-04-28,128.0
Tamil Nadu,Villupuram,Tindivanam,Alagapuram GP,Alagapuram,2025-05-05,129.0
Tamil Nadu,Villupuram,Tindivanam,Alagapuram GP,Alagapuram,2025-05-12,133.0
Tamil Nadu,Villupuram,Tindivanam,Alagapuram GP,Alagapuram,2025-05-19,126.0
Tamil Nadu,Villupuram,Tindivanam,Alagapuram GP,Alagapuram,2025-05-26,123.0
Tamil Nadu,Villupuram,Tindivanam,Alagapuram GP,Alagapuram,2025-06-02,115.0
Tamil Nadu,Villupuram,Tindivanam,Alagapuram GP,Alagapuram,2025-06-09,122.0
Tamil Nadu,Villupuram,Tindivanam,Alagapuram GP,Alagapuram,2025-06-16,119.0
Tamil Nadu,Villupuram,Tindivanam,Alagapuram GP,Alagapuram,2025-06-23,123.0
Tamil Nadu,Villupuram,Tindivanam,Alagapuram GP,Alagapuram,2025-06-30,109.0
Tamil Nadu,Villupuram,Tindivanam,Alagapuram GP,Alagapuram,2025-07-07,108.0
Tamil Nadu,Villupuram,Tindivanam,Alagapuram GP,Alagapuram,2025-07-14,105.0
Tamil Nadu,Villupuram,Tindivanam,Alagapuram GP,Alagapuram,2025-07-21,109.0
Tamil Nadu,Villupuram,Tindivanam,Alagapuram GP,Alagapuram,2025-07-28,98.0
Tamil Nadu,Villupuram,Tindivanam,Alagapuram GP,Alagapuram,2025-08-04,98.0
Tamil Nadu,Villupuram,Tindivanam,Alagapuram GP,Alagapuram,2025-08-11,97.0
Tamil Nadu,Villupuram,Tindivanam,Alagapuram GP,Alagapuram,2025-08-18,93.0
Tamil Nadu,Villupuram,Tindivanam,Alagapuram GP,Alagapuram,2025-08-25,88.0
Tamil Nadu,Villupuram,Tindivanam,Alagapuram GP,Alagapuram,2025-09-01,90.0
Tamil Nadu,Villupuram,Tindivanam,Alagapuram GP,Alagapuram,2025-09-08,93.0
Tamil Nadu,Villupuram,Tindivanam,Alagapuram GP,Alagapuram,2025-09-15,83.0
Tamil Nadu,Villupuram,Tindivanam,Alagapuram GP,Alagapuram,2025-09-22,87.0
Tamil Nadu,Villupuram,Tindivanam,Alagapuram GP,Alagapuram,2025-09-29,84.0
Tamil Nadu,Villupuram,Tindivanam,Alagapuram GP,Alagapuram,2025-10-06,93.0
Tamil Nadu,Villupuram,Tindivanam,Alagapuram GP,Alagapuram,2025-10-13,82.0
Tamil Nadu,Villupuram,Tindivanam,Alagapuram GP,Alagapuram,2025-10-20,87.0
Tamil Nadu,Villupuram,Tindivanam,Alagapuram GP,Alagapuram,2025-10-27,93.0
Tamil Nadu,Villupuram,Tindivanam,Alagapuram GP,Alagapuram,2025-11-03,101.0
Tamil Nadu,Villupuram,Tindivanam,Alagapuram GP,Alagapuram,2025-11-10,96.0
Tamil Nadu,Villupuram,Tindivanam,Alagapuram GP,Alagapuram,2025-11-17,97.0
Tamil Nadu,Villupuram,Tindivanam,Alagapuram GP,Alagapuram,2025-11-24,111.0
Tamil Nadu,Villupuram,Tindivanam,Alagapuram GP,Alagapuram,2025-12-01,100.0
Tamil Nadu,Villupuram,Tindivanam,Alagapuram GP,Alagapuram,2025-12-08,100.0
Tamil Nadu,Villupuram,Tindivanam,Alagapuram GP,Alagapuram,2025-12-15,116.0
Tamil Nadu,Villupuram,Tindivanam,Alagapuram GP,Alagapuram,2025-12-22,115.0
Tamil Nadu,Salem,Attur,Chinnakoundampalayam GP,Chinnakoundampalayam,2024-01-01,103.0
Tamil Nadu,Salem,Attur,Chinnakoundampalayam GP,Chinnakoundampalayam,2024-01-08,118.0
Tamil Nadu,Salem,Attur,Chinnakoundampalayam GP,Chinnakoundampalayam,2024-01-15,118.0
Tamil Nadu,Salem,Attur,Chinnakoundampalayam GP,Chinnakoundampalayam,2024-01-22,116.0
Tamil Nadu,Salem,Attur,Chinnakoundampalayam GP,Chinnakoundampalayam,2024-01-29,114.0
Tamil Nadu,Salem,Attur,Chinnakoundampalayam GP,Chinnakoundampalayam,2024-02-05,131.0
Tamil Nadu,Salem,Attur,Chinnakoundampalayam GP,Chinnakoundampalayam,2024-02-12,133.0
Tamil Nadu,Salem,Attur,Chinnakoundampalayam GP,Chinnakoundampalayam,2024-02-19,130.0
Tamil Nadu,Salem,Attur,Chinnakoundampalayam GP,Chinnakoundampalayam,2024-02-26,145.0
Tamil Nadu,Salem,Attur,Chinnakoundampalayam GP,Chinnakoundampalayam,2024-03-04,127.0
Tamil Nadu,Salem,Attur,Chinnakoundampalayam GP,Chinnakoundampalayam,2024-03-11,126.0
Tamil Nadu,Salem,Attur,Chinnakoundampalayam GP,Chinnakoundampalayam,2024-03-18,132.0
Tamil Nadu,Salem,Attur,Chinnakoundampalayam GP,Chinnakoundampalayam,2024-03-25,137.0
Tamil Nadu,Salem,Attur,Chinnakoundampalayam GP,Chinnakoundampalayam,2024-04-01,139.0
Tamil Nadu,Salem,Attur,Chinnakoundampalayam GP,Chinnakoundampalayam,2024-04-08,136.0
Tamil Nadu,Salem,Attur,Chinnakoundampalayam GP,Chinnakoundampalayam,2024-04-15,139.0
Tamil Nadu,Salem,Attur,Chinnakoundampalayam GP,Chinnakoundampalayam,2024-04-22,127.0
Tamil Nadu,Salem,Attur,Chinnakoundampalayam GP,Chinnakoundampalayam,2024-04-29,144.0
Tamil Nadu,Salem,Attur,Chinnakoundampalayam GP,Chinnakoundampalayam,2024-05-06,
Tamil Nadu,Salem,Attur,Chinnakoundampalayam GP,Chinnakoundampalayam,2024-05-13,138.0
Tamil Nadu,Salem,Attur,Chinnakoundampalayam GP,Chinnakoundampalayam,2024-05-20,130.0
Tamil Nadu,Salem,Attur,Chinnakoundampalayam GP,Chinnakoundampalayam,2024-05-27,129.0
Tamil Nadu,Salem,Attur,Chinnakoundampalayam GP,Chinnakoundampalayam,2024-06-03,127.0
Tamil Nadu,Salem,Attur,Chinnakoundampalayam GP,Chinnakoundampalayam,2024-06-10,123.0
Tamil Nadu,Salem,Attur,Chinnakoundampalayam GP,Chinnakoundampalayam,2024-06-17,121.0
Tamil Nadu,Salem,Attur,Chinnakoundampalayam GP,Chinnakoundampalayam,2024-06-24,122.0
Tamil Nadu,Salem,Attur,Chinnakoundampalayam GP,Chinnakoundampalayam,2024-07-01,111.0
Tamil Nadu,Salem,Attur,Chinnakoundampalayam GP,Chinnakoundampalayam,2024-07-08,111.0
Tamil Nadu,Salem,Attur,Chinnakoundampalayam GP,Chinnakoundampalayam,2024-07-15,103.0
Tamil Nadu,Salem,Attur,Chinnakoundampalayam GP,Chinnakoundampalayam,2024-07-22,110.0
Tamil Nadu,Salem,Attur,Chinnakoundampalayam GP,Chinnakoundampalayam,2024-07-29,93.0
Tamil Nadu,Salem,Attur,Chinnakoundampalayam GP,Chinnakoundampalayam,2024-08-05,106.0
Tamil Nadu,Salem,Attur,Chinnakoundampalayam GP,Chinnakoundampalayam,2024-08-12,91.0
Tamil Nadu,Salem,Attur,Chinnakoundampalayam GP,Chinnakoundampalayam,2024-08-19,80.0
Tamil Nadu,Salem,Attur,Chinnakoundampalayam GP,Chinnakoundampalayam,2024-08-26,88.0
Tamil Nadu,Salem,Attur,Chinnakoundampalayam GP,Chinnakoundampalayam,2024-09-02,81.0
Tamil Nadu,Salem,Attur,Chinnakoundampalayam GP,Chinnakoundampalayam,2024-09-09,90.0
Tamil Nadu,Salem,Attur,Chinnakoundampalayam GP,Chinnakoundampalayam,2024-09-16,79.0
Tamil Nadu,Salem,Attur,Chinnakoundampalayam GP,Chinnakoundampalayam,2024-09-23,80.0
Tamil Nadu,Salem,Attur,Chinnakoundampalayam GP,Chinnakoundampalayam,2024-09-30,70.0
Tamil Nadu,Salem,Attur,Chinnakoundampalayam GP,Chinnakoundampalayam,2024-10-07,80.0
Tamil Nadu,Salem,Attur,Chinnakoundampalayam GP,Chinnakoundampalayam,2024-10-14,67.0
Tamil Nadu,Salem,Attur,Chinnakoundampalayam GP,Chinnakoundampalayam,2024-10-21,74.0
Tamil Nadu,Salem,Attur,Chinnakoundampalayam GP,Chinnakoundampalayam,2024-10-28,91.0
Tamil Nadu,Salem,Attur,Chinnakoundampalayam GP,Chinnakoundampalayam,2024-11-04,93.0
Tamil Nadu,Salem,Attur,Chinnakoundampalayam GP,Chinnakoundampalayam,2024-11-11,
Tamil Nadu,Salem,Attur,Chinnakoundampalayam GP,Chinnakoundampalayam,2024-11-18,85.0
Tamil Nadu,Salem,Attur,Chinnakoundampalayam GP,Chinnakoundampalayam,2024-11-25,94.0
Tamil Nadu,Salem,Attur,Chinnakoundampalayam GP,Chinnakoundampalayam,2024-12-02,97.0
Tamil Nadu,Salem,Attur,Chinnakoundampalayam GP,Chinnakoundampalayam,2024-12-09,93.0
Tamil Nadu,Salem,Attur,Chinnakoundampalayam GP,Chinnakoundampalayam,2024-12-16,113.0
Tamil Nadu,Salem,Attur,Chinnakoundampalayam GP,Chinnakoundampalayam,2024-12-23,112.0
Tamil Nadu,Salem,Attur,Chinnakoundampalayam GP,Chinnakoundampalayam,2024-12-30,109.0
Tamil Nadu,Salem,Attur,Chinnakoundampalayam GP,Chinnakoundampalayam,2025-01-06,113.0
Tamil Nadu,Salem,Attur,Chinnakoundampalayam GP,Chinnakoundampalayam,2025-01-13,118.0
Tamil Nadu,Salem,Attur,Chinnakoundampalayam GP,Chinnakoundampalayam,2025-01-20,106.0
Tamil Nadu,Salem,Attur,Chinnakoundampalayam GP,Chinnakoundampalayam,2025-01-27,121.0
Tamil Nadu,Salem,Attur,Chinnakoundampalayam GP,Chinnakoundampalayam,2025-02-03,121.0
Tamil Nadu,Salem,Attur,Chinnakoundampalayam GP,Chinnakoundampalayam,2025-02-10,122.0
Tamil Nadu,Salem,Attur,Chinnakoundampalayam GP,Chinnakoundampalayam,2025-02-17,129.0
Tamil Nadu,Salem,Attur,Chinnakoundampalayam GP,Chinnakoundampalayam,2025-02-24,144.0
Tamil Nadu,Salem,Attur,Chinnakoundampalayam GP,Chinnakoundampalayam,2025-03-03,139.0
Tamil Nadu,Salem,Attur,Chinnakoundampalayam GP,Chinnakoundampalayam,2025-03-10,132.0
Tamil Nadu,Salem,Attur,Chinnakoundampalayam GP,Chinnakoundampalayam,2025-03-17,140.0
Tamil Nadu,Salem,Attur,Chinnakoundampalayam GP,Chinnakoundampalayam,2025-03-24,147.0
Tamil Nadu,Salem,Attur,Chinnakoundampalayam GP,Chinnakoundampalayam,2025-03-31,144.0
Tamil Nadu,Salem,Attur,Chinnakoundampalayam GP,Chinnakoundampalayam,2025-04-07,138.0
Tamil Nadu,Salem,Attur,Chinnakoundampalayam GP,Chinnakoundampalayam,2025-04-14,132.0
Tamil Nadu,Salem,Attur,Chinnakoundampalayam GP,Chinnakoundampalayam,2025-04-21,140.0
Tamil Nadu,Salem,Attur,Chinnakoundampalayam GP,Chinnakoundampalayam,2025-04-28,137.0
Tamil Nadu,Salem,Attur,Chinnakoundampalayam GP,Chinnakoundampalayam,2025-05-05,139.0
Tamil Nadu,Salem,Attur,Chinnakoundampalayam GP,Chinnakoundampalayam,2025-05-12,135.0
Tamil Nadu,Salem,Attur,Chinnakoundampalayam GP,Chinnakoundampalayam,2025-05-19,135.0
Tamil Nadu,Salem,Attur,Chinnakoundampalayam GP,Chinnakoundampalayam,2025-05-26,122.0
Tamil Nadu,Salem,Attur,Chinnakoundampalayam GP,Chinnakoundampalayam,2025-06-02,131.0
Tamil Nadu,Salem,Attur,Chinnakoundampalayam GP,Chinnakoundampalayam,2025-06-09,121.0
Tamil Nadu,Salem,Attur,Chinnakoundampalayam GP,Chinnakoundampalayam,2025-06-16,130.0
Tamil Nadu,Salem,Attur,Chinnakoundampalayam GP,Chinnakoundampalayam,2025-06-23,109.0
Tamil Nadu,Salem,Attur,Chinnakoundampalayam GP,Chinnakoundampalayam,2025-06-30,121.0
Tamil Nadu,Salem,Attur,Chinnakoundampalayam GP,Chinnakoundampalayam,2025-07-07,108.0
Tamil Nadu,Salem,Attur,Chinnakoundampalayam GP,Chinnakoundampalayam,2025-07-14,99.0
Tamil Nadu,Salem,Attur,Chinnakoundampalayam GP,Chinnakoundampalayam,2025-07-21,97.0
Tamil Nadu,Salem,Attur,Chinnakoundampalayam GP,Chinnakoundampalayam,2025-07-28,95.0
Tamil Nadu,Salem,Attur,Chinnakoundampalayam GP,Chinnakoundampalayam,2025-08-04,97.0
Tamil Nadu,Salem,Attur,Chinnakoundampalayam GP,Chinnakoundampalayam,2025-08-11,95.0
Tamil Nadu,Salem,Attur,Chinnakoundampalayam GP,Chinnakoundampalayam,2025-08-18,86.0
Tamil Nadu,Salem,Attur,Chinnakoundampalayam GP,Chinnakoundampalayam,2025-08-25,87.0
Tamil Nadu,Salem,Attur,Chinnakoundampalayam GP,Chinnakoundampalayam,2025-09-01,100.0
Tamil Nadu,Salem,Attur,Chinnakoundampalayam GP,Chinnakoundampalayam,2025-09-08,96.0
Tamil Nadu,Salem,Attur,Chinnakoundampalayam GP,Chinnakoundampalayam,2025-09-15,86.0
Tamil Nadu,Salem,Attur,Chinnakoundampalayam GP,Chinnakoundampalayam,2025-09-22,83.0
Tamil Nadu,Salem,Attur,Chinnakoundampalayam GP,Chinnakoundampalayam,2025-09-29,83.0
Tamil Nadu,Salem,Attur,Chinnakoundampalayam GP,Chinnakoundampalayam,2025-10-06,87.0
Tamil Nadu,Salem,Attur,Chinnakoundampalayam GP,Chinnakoundampalayam,2025-10-13,77.0
Tamil Nadu,Salem,Attur,Chinnakoundampalayam GP,Chinnakoundampalayam,2025-10-20,83.0
Tamil Nadu,Salem,Attur,Chinnakoundampalayam GP,Chinnakoundampalayam,2025-10-27,75.0
Tamil Nadu,Salem,Attur,Chinnakoundampalayam GP,Chinnakoundampalayam,2025-11-03,90.0
Tamil Nadu,Salem,Attur,Chinnakoundampalayam GP,Chinnakoundampalayam,2025-11-10,94.0
Tamil Nadu,Salem,Attur,Chinnakoundampalayam GP,Chinnakoundampalayam,2025-11-17,89.0
Tamil Nadu,Salem,Attur,Chinnakoundampalayam GP,Chinnakoundampalayam,2025-11-24,105.0
Tamil Nadu,Salem,Attur,Chinnakoundampalayam GP,Chinnakoundampalayam,2025-12-01,
Tamil Nadu,Salem,Attur,Chinnakoundampalayam GP,Chinnakoundampalayam,2025-12-08,91.0
Tamil Nadu,Salem,Attur,Chinnakoundampalayam GP,Chinnakoundampalayam,2025-12-15,105.0
Tamil Nadu,Salem,Attur,Chinnakoundampalayam GP,Chinnakoundampalayam,2025-12-22,114.0
Tamil Nadu,Villupuram,Gingee,Rajapalayam Colony GP,Rajapalayam Colony,2024-01-01,105.0
Tamil Nadu,Villupuram,Gingee,Rajapalayam Colony GP,Rajapalayam Colony,2024-01-08,95.0
Tamil Nadu,Villupuram,Gingee,Rajapalayam Colony GP,Rajapalayam Colony,2024-01-15,107.0
Tamil Nadu,Villupuram,Gingee,Rajapalayam Colony GP,Rajapalayam Colony,2024-01-22,103.0
Tamil Nadu,Villupuram,Gingee,Rajapalayam Colony GP,Rajapalayam Colony,2024-01-29,105.0
Tamil Nadu,Villupuram,Gingee,Rajapalayam Colony GP,Rajapalayam Colony,2024-02-05,114.0
Tamil Nadu,Villupuram,Gingee,Rajapalayam Colony GP,Rajapalayam Colony,2024-02-12,114.0
Tamil Nadu,Villupuram,Gingee,Rajapalayam Colony GP,Rajapalayam Colony,2024-02-19,104.0
Tamil Nadu,Villupuram,Gingee,Rajapalayam Colony GP,Rajapalayam Colony,2024-02-26,123.0
Tamil Nadu,Villupuram,Gingee,Rajapalayam Colony GP,Rajapalayam Colony,2024-03-04,124.0
Tamil Nadu,Villupuram,Gingee,Rajapalayam Colony GP,Rajapalayam Colony,2024-03-11,114.0
Tamil Nadu,Villupuram,Gingee,Rajapalayam Colony GP,Rajapalayam Colony,2024-03-18,120.0
Tamil Nadu,Villupuram,Gingee,Rajapalayam Colony GP,Rajapalayam Colony,2024-03-25,121.0
Tamil Nadu,Villupuram,Gingee,Rajapalayam Colony GP,Rajapalayam Colony,2024-04-01,120.0
Tamil Nadu,Villupuram,Gingee,Rajapalayam Colony GP,Rajapalayam Colony,2024-04-08,115.0
Tamil Nadu,Villupuram,Gingee,Rajapalayam Colony GP,Rajapalayam Colony,2024-04-15,114.0
Tamil Nadu,Villupuram,Gingee,Rajapalayam Colony GP,Rajapalayam Colony,2024-04-22,117.0
Tamil Nadu,Villupuram,Gingee,Rajapalayam Colony GP,Rajapalayam Colony,2024-04-29,123.0
Tamil Nadu,Villupuram,Gingee,Rajapalayam Colony GP,Rajapalayam Colony,2024-05-06,118.0
Tamil Nadu,Villupuram,Gingee,Rajapalayam Colony GP,Rajapalayam Colony,2024-05-13,111.0
Tamil Nadu,Villupuram,Gingee,Rajapalayam Colony GP,Rajapalayam Colony,2024-05-20,115.0
Tamil Nadu,Villupuram,Gingee,Rajapalayam Colony GP,Rajapalayam Colony,2024-05-27,92.0
Tamil Nadu,Villupuram,Gingee,Rajapalayam Colony GP,Rajapalayam Colony,2024-06-03,113.0
Tamil Nadu,Villupuram,Gingee,Rajapalayam Colony GP,Rajapalayam Colony,2024-06-10,94.0
Tamil Nadu,Villupuram,Gingee,Rajapalayam Colony GP,Rajapalayam Colony,2024-06-17,99.0
Tamil Nadu,Villupuram,Gingee,Rajapalayam Colony GP,Rajapalayam Colony,2024-06-24,91.0
Tamil Nadu,Villupuram,Gingee,Rajapalayam Colony GP,Rajapalayam Colony,2024-07-01,88.0
Tamil Nadu,Villupuram,Gingee,Rajapalayam Colony GP,Rajapalayam Colony,2024-07-08,99.0
Tamil Nadu,Villupuram,Gingee,Rajapalayam Colony GP,Rajapalayam Colony,2024-07-15,87.0
Tamil Nadu,Villupuram,Gingee,Rajapalayam Colony GP,Rajapalayam Colony,2024-07-22,89.0
Tamil Nadu,Villupuram,Gingee,Rajapalayam Colony GP,Rajapalayam Colony,2024-07-29,84.0
Tamil Nadu,Villupuram,Gingee,Rajapalayam Colony GP,Rajapalayam Colony,2024-08-05,84.0
Tamil Nadu,Villupuram,Gingee,Rajapalayam Colony GP,Rajapalayam Colony,2024-08-12,80.0
Tamil Nadu,Villupuram,Gingee,Rajapalayam Colony GP,Rajapalayam Colony,2024-08-19,70.0
Tamil Nadu,Villupuram,Gingee,Rajapalayam Colony GP,Rajapalayam Colony,2024-08-26,81.0
Tamil Nadu,Villupuram,Gingee,Rajapalayam Colony GP,Rajapalayam Colony,2024-09-02,71.0
Tamil Nadu,Villupuram,Gingee,Rajapalayam Colony GP,Rajapalayam Colony,2024-09-09,64.0
Tamil Nadu,Villupuram,Gingee,Rajapalayam Colony GP,Rajapalayam Colony,2024-09-16,69.0
Tamil Nadu,Villupuram,Gingee,Rajapalayam Colony GP,Rajapalayam Colony,2024-09-23,80.0
Tamil Nadu,Villupuram,Gingee,Rajapalayam Colony GP,Rajapalayam Colony,2024-09-30,76.0
Tamil Nadu,Villupuram,Gingee,Rajapalayam Colony GP,Rajapalayam Colony,2024-10-07,69.0
Tamil Nadu,Villupuram,Gingee,Rajapalayam Colony GP,Rajapalayam Colony,2024-10-14,70.0
Tamil Nadu,Villupuram,Gingee,Rajapalayam Colony GP,Rajapalayam Colony,2024-10-21,71.0
Tamil Nadu,Villupuram,Gingee,Rajapalayam Colony GP,Rajapalayam Colony,2024-10-28,86.0
Tamil Nadu,Villupuram,Gingee,Rajapalayam Colony GP,Rajapalayam Colony,2024-11-04,78.0
Tamil Nadu,Villupuram,Gingee,Rajapalayam Colony GP,Rajapalayam Colony,2024-11-11,80.0
Tamil Nadu,Villupuram,Gingee,Rajapalayam Colony GP,Rajapalayam Colony,2024-11-18,85.0
Tamil Nadu,Villupuram,Gingee,Rajapalayam Colony GP,Rajapalayam Colony,2024-11-25,83.0
Tamil Nadu,Villupuram,Gingee,Rajapalayam Colony GP,Rajapalayam Colony,2024-12-02,82.0
Tamil Nadu,Villupuram,Gingee,Rajapalayam Colony GP,Rajapalayam Colony,2024-12-09,85.0
Tamil Nadu,Villupuram,Gingee,Rajapalayam Colony GP,Rajapalayam Colony,2024-12-16,89.0
Tamil Nadu,Villupuram,Gingee,Rajapalayam Colony GP,Rajapalayam Colony,2024-12-23,92.0
Tamil Nadu,Villupuram,Gingee,Rajapalayam Colony GP,Rajapalayam Colony,2024-12-30,99.0
Tamil Nadu,Villupuram,Gingee,Rajapalayam Colony GP,Rajapalayam Colony,2025-01-06,98.0
Tamil Nadu,Villupuram,Gingee,Rajapalayam Colony GP,Rajapalayam Colony,2025-01-13,105.0
Tamil Nadu,Villupuram,Gingee,Rajapalayam Colony GP,Rajapalayam Colony,2025-01-20,103.0
Tamil Nadu,Villupuram,Gingee,Rajapalayam Colony GP,Rajapalayam Colony,2025-01-27,106.0
Tamil Nadu,Villupuram,Gingee,Rajapalayam Colony GP,Rajapalayam Colony,2025-02-03,97.0
Tamil Nadu,Villupuram,Gingee,Rajapalayam Colony GP,Rajapalayam Colony,2025-02-10,116.0
Tamil Nadu,Villupuram,Gingee,Rajapalayam Colony GP,Rajapalayam Colony,2025-02-17,115.0
Tamil Nadu,Villupuram,Gingee,Rajapalayam Colony GP,Rajapalayam Colony,2025-02-24,
Tamil Nadu,Villupuram,Gingee,Rajapalayam Colony GP,Rajapalayam Colony,2025-03-03,100.0
Tamil Nadu,Villupuram,Gingee,Rajapalayam Colony GP,Rajapalayam Colony,2025-03-10,129.0
Tamil Nadu,Villupuram,Gingee,Rajapalayam Colony GP,Rajapalayam Colony,2025-03-17,117.0
Tamil Nadu,Villupuram,Gingee,Rajapalayam Colony GP,Rajapalayam Colony,2025-03-24,125.0
Tamil Nadu,Villupuram,Gingee,Rajapalayam Colony GP,Rajapalayam Colony,2025-03-31,113.0
Tamil Nadu,Villupuram,Gingee,Rajapalayam Colony GP,Rajapalayam Colony,2025-04-07,122.0
Tamil Nadu,Villupuram,Gingee,Rajapalayam Colony GP,Rajapalayam Colony,2025-04-14,112.0
Tamil Nadu,Villupuram,Gingee,Rajapalayam Colony GP,Rajapalayam Colony,2025-04-21,114.0
Tamil Nadu,Villupuram,Gingee,Rajapalayam Colony GP,Rajapalayam Colony,2025-04-28,127.0
Tamil Nadu,Villupuram,Gingee,Rajapalayam Colony GP,Rajapalayam Colony,2025-05-05,113.0
Tamil Nadu,Villupuram,Gingee,Rajapalayam Colony GP,Rajapalayam Colony,2025-05-12,114.0
Tamil Nadu,Villupuram,Gingee,Rajapalayam Colony GP,Rajapalayam Colony,2025-05-19,116.0
Tamil Nadu,Villupuram,Gingee,Rajapalayam Colony GP,Rajapalayam Colony,2025-05-26,111.0
Tamil Nadu,Villupuram,Gingee,Rajapalayam Colony GP,Rajapalayam Colony,2025-06-02,107.0
Tamil Nadu,Villupuram,Gingee,Rajapalayam Colony GP,Rajapalayam Colony,2025-06-09,106.0
Tamil Nadu,Villupuram,Gingee,Rajapalayam Colony GP,Rajapalayam Colony,2025-06-16,114.0
Tamil Nadu,Villupuram,Gingee,Rajapalayam Colony GP,Rajapalayam Colony,2025-06-23,98.0
Tamil Nadu,Villupuram,Gingee,Rajapalayam Colony GP,Rajapalayam Colony,2025-06-30,96.0
Tamil Nadu,Villupuram,Gingee,Rajapalayam Colony GP,Rajapalayam Colony,2025-07-07,98.0
Tamil Nadu,Villupuram,Gingee,Rajapalayam Colony GP,Rajapalayam Colony,2025-07-14,96.0
Tamil Nadu,Villupuram,Gingee,Rajapalayam Colony GP,Rajapalayam Colony,2025-07-21,93.0
Tamil Nadu,Villupuram,Gingee,Rajapalayam Colony GP,Rajapalayam Colony,2025-07-28,88.0
Tamil Nadu,Villupuram,Gingee,Rajapalayam Colony GP,Rajapalayam Colony,2025-08-04,75.0
Tamil Nadu,Villupuram,Gingee,Rajapalayam Colony GP,Rajapalayam Colony,2025-08-11,89.0
Tamil Nadu,Villupuram,Gingee,Rajapalayam Colony GP,Rajapalayam Colony,2025-08-18,71.0
Tamil Nadu,Villupuram,Gingee,Rajapalayam Colony GP,Rajapalayam Colony,2025-08-25,77.0
Tamil Nadu,Villupuram,Gingee,Rajapalayam Colony GP,Rajapalayam Colony,2025-09-01,70.0
Tamil Nadu,Villupuram,Gingee,Rajapalayam Colony GP,Rajapalayam Colony,2025-09-08,72.0
Tamil Nadu,Villupuram,Gingee,Rajapalayam Colony GP,Rajapalayam Colony,2025-09-15,74.0
Tamil Nadu,Villupuram,Gingee,Rajapalayam Colony GP,Rajapalayam Colony,2025-09-22,73.0
Tamil Nadu,Villupuram,Gingee,Rajapalayam Colony GP,Rajapalayam Colony,2025-09-29,74.0
Tamil Nadu,Villupuram,Gingee,Rajapalayam Colony GP,Rajapalayam Colony,2025-10-06,81.0
Tamil Nadu,Villupuram,Gingee,Rajapalayam Colony GP,Rajapalayam Colony,2025-10-13,75.0
Tamil Nadu,Villupuram,Gingee,Rajapalayam Colony GP,Rajapalayam Colony,2025-10-20,71.0
Tamil Nadu,Villupuram,Gingee,Rajapalayam Colony GP,Rajapalayam Colony,2025-10-27,79.0
Tamil Nadu,Villupuram,Gingee,Rajapalayam Colony GP,Rajapalayam Colony,2025-11-03,82.0
Tamil Nadu,Villupuram,Gingee,Rajapalayam Colony GP,Rajapalayam Colony,2025-11-10,70.0
Tamil Nadu,Villupuram,Gingee,Rajapalayam Colony GP,Rajapalayam Colony,2025-11-17,83.0
Tamil Nadu,Villupuram,Gingee,Rajapalayam Colony GP,Rajapalayam Colony,2025-11-24,86.0
Tamil Nadu,Villupuram,Gingee,Rajapalayam Colony GP,Rajapalayam Colony,2025-12-01,82.0
Tamil Nadu,Villupuram,Gingee,Rajapalayam Colony GP,Rajapalayam Colony,2025-12-08,
Tamil Nadu,Villupuram,Gingee,Rajapalayam Colony GP,Rajapalayam Colony,2025-12-15,88.0
Tamil Nadu,Villupuram,Gingee,Rajapalayam Colony GP,Rajapalayam Colony,2025-12-22,93.0
Tamil Nadu,Salem,Yercaud,Kumarapuram GP,Kumarapuram,2024-01-22,142.0
Tamil Nadu,Salem,Yercaud,Kumarapuram GP,Kumarapuram,2024-10-07,96.0
Tamil Nadu,Salem,Yercaud,Kumarapuram GP,KUMARAPURAM,2025-04-07,149.0
Tamil Nadu,Salem,Yercaud,Kumarapuram GP,KUMARAPURAM,2024-09-02,85.0
Tamil Nadu,Salem,Yercaud,Kumarapuram GP,KUMARAPURAM,2025-02-17,149.0
Tamil Nadu,Salem,Yercaud,Kumarapuram GP,KUMARAPURAM,2025-06-23,121.0
Tamil Nadu,Salem,Yercaud,Kumarapuram GP,Kumara Puram,2024-09-30,91.0
